text,label
QUARTERLY REPORT - Q4 2025 | Sunrise Enterprises | Prepared by: Lisa Park | Executive Summary: This period saw significant growth driven by new product launches. Revenue: $479.5M (+3.1% YoY). Key Highlights: Launched three new product lines. Completed ISO certification. Risks: Regulatory compliance requirements increasing. Outlook: Market expansion plans on track. Appendix: Financial statements attached.,report
"QUARTERLY REPORT - Q1 2024 | GlobalMart | Prepared by: Anil Mehta | Executive Summary: Despite market challenges, the team exceeded targets in most areas. Revenue: $252.4M (+4.4% YoY). Key Highlights: Launched three new product lines. Deployed new CRM system. Risks: Talent acquisition challenges persist. Outlook: Continued investment in R&D expected. Appendix: Financial statements attached.",report
BILL | From: CloudWorks | To: GlobalMart | Invoice #INV-6654 | 11/04/2025 | Services rendered: Consulting Services | Hours: 29 | Rate: $1997.86/hr | Amount: $5156.71 | Taxes: $698.26 | Amount Due: $13741.37 | Due: 25/09/2025,invoice
"From: ravi.kumar@gmail.com To: manager@biz.net CC: cc@work.net Date: 13/11/2023 Subject: Re: Action Required | John, Thanks for your message. Could you please provide an update on the status of the pending items? Looking forward to your response. Regards, John Smith | Acme Corp | +91-8974135984",email
BILL | From: NetEdge | To: TechNova Ltd | Invoice #INV-6188 | 03/04/2025 | Services rendered: Legal Services | Hours: 35 | Rate: $206.61/hr | Amount: $13845.79 | Taxes: $1272.26 | Amount Due: $9872.23 | Due: 25/08/2024,invoice
"QUARTERLY REPORT - Q1 2023 | GlobalMart | Prepared by: Anil Mehta | Executive Summary: Despite market challenges, the team exceeded targets in most areas. Revenue: $289.8M (+8.9% YoY). Key Highlights: Launched three new product lines. Automated 40% of manual processes. Risks: Talent acquisition challenges persist. Outlook: Strong pipeline for next quarter. Appendix: Financial statements attached.",report
"SERVICE AGREEMENT between Alpha Tech ('Client') and Sarah Johnson ('Service Provider'). Effective Date: 17/09/2024. Term: 12 months. Scope: HR outsourcing. Fees: $29,573/month payable within 30 days. Confidentiality: Both parties agree to maintain strict confidentiality. Termination: Either party may terminate with 60 days notice. Governing Law: Delhi. Signatures required.",contract
"INBOX | anna.kumar@gmail.com → manager@acme.com | 24/09/2024 | Meeting Follow-up | Dear John, I hope this email finds you well. We would like to schedule a call to discuss the upcoming deliverables. Please confirm receipt. Thanks, Anna Chen | Sent from mobile",email
ANNUAL PERFORMANCE REVIEW 2024 | Department: Operations | Manager: Dr. Priya Sharma | Overview: This period saw significant growth driven by new product launches. KPIs achieved: 108%. Budget utilization: 98%. Key Accomplishments: Improved customer satisfaction to 92%. Areas for Improvement: Automated 40% of manual processes. Recommendations: Talent acquisition challenges persist. Next Steps: Continued investment in R&D expected.,report
"From: ravi.kumar@outlook.com | To: hr@acme.com | Subject: Meeting Follow-up | Date: 02/08/2025 | Hi Anna, Could you please provide an update on the status of the pending items? Please let me know if you have any questions. Best regards, Ravi Kumar",email
Invoice #INV-1251 | Bill To: GlobalMart | Date: 16/05/2024 | Due Date: 14/11/2024 | Item: Software License x34 @ $1754.67 | Subtotal: $14007.74 | Tax (18%): $1458.77 | Total Due: $22814.78 | Payment terms: Net 30 | Bank: HDFC Bank | Account: 769219685,invoice
"NON-DISCLOSURE AGREEMENT | Parties: Alpha Tech and Ravi Kumar | Date: 09/11/2024 | Purpose: IT consulting and software development | Confidential Information includes trade secrets, business plans, financial data, and technical know-how. Obligations last 24 months after disclosure. Breach subject to injunctive relief and damages. Jurisdiction: Tamil Nadu.",contract
"RESEARCH REPORT | Title: Consumer Behavior Study | Author: Anil Mehta | Date: 23/09/2024 | Abstract: The organization demonstrated strong performance across all key metrics. Methodology: Launched three new product lines. Findings: Completed ISO certification. Conclusion: Supply chain disruptions remain a concern. Recommendations: Strong pipeline for next quarter. References: [1] Smith et al. (2023), Journal of Business Analytics [2] Kumar & Lee (2024), Int'l Review of Management",report
TAX INVOICE from DataBridge | Invoice No: INV-8269 | GSTIN: 12ABCDE8110Z2 | Customer: Blue Ridge Inc | Date: 01/01/2024 | Description: Legal Services | Qty: 46 | Rate: $1994.98 | Amount: $16024.80 | GST: $374.41 | Grand Total: $21890.93,invoice
"SERVICE AGREEMENT between Alpha Tech ('Client') and Chen Wei ('Service Provider'). Effective Date: 21/11/2025. Term: 12 months. Scope: HR outsourcing. Fees: $8,047/month payable within 30 days. Confidentiality: Both parties agree to maintain strict confidentiality. Termination: Either party may terminate with 30 days notice. Governing Law: Maharashtra. Signatures required.",contract
"SERVICE AGREEMENT between Vertex Ltd ('Client') and Maria Garcia ('Service Provider'). Effective Date: 17/02/2025. Term: 3 months. Scope: HR outsourcing. Fees: $31,681/month payable within 30 days. Confidentiality: Both parties agree to maintain strict confidentiality. Termination: Either party may terminate with 90 days notice. Governing Law: Maharashtra. Signatures required.",contract
"EMPLOYMENT CONTRACT | Employer: Nexus Corp | Employee: Sarah Johnson | Start: 12/03/2023 | Role: marketing and brand management | Compensation: $30,455 per annum | Benefits: health, dental, PTO. Notice Period: 60 days. Intellectual property created during employment belongs to employer. Non-compete: 3 months post-employment within Karnataka.",contract
"NON-DISCLOSURE AGREEMENT | Parties: Summit Inc and Maria Garcia | Date: 20/11/2025 | Purpose: financial advisory | Confidential Information includes trade secrets, business plans, financial data, and technical know-how. Obligations last 6 months after disclosure. Breach subject to injunctive relief and damages. Jurisdiction: Tamil Nadu.",contract
"RESEARCH REPORT | Title: Technology Adoption Report | Author: Dr. Priya Sharma | Date: 26/11/2024 | Abstract: Despite market challenges, the team exceeded targets in most areas. Methodology: Improved customer satisfaction to 92%. Findings: Automated 40% of manual processes. Conclusion: Supply chain disruptions remain a concern. Recommendations: Continued investment in R&D expected. References: [1] Smith et al. (2023), Journal of Business Analytics [2] Kumar & Lee (2024), Int'l Review of Management",report
"INBOX | mike.kumar@gmail.com → hr@biz.net | 10/08/2025 | Action Required | Dear Anna, I hope this email finds you well. Please find attached the documents you requested for your review. Please confirm receipt. Thanks, Ravi Kumar | Sent from mobile",email
QUARTERLY REPORT - Q2 2023 | Blue Ridge Inc | Prepared by: Lisa Park | Executive Summary: This period saw significant growth driven by new product launches. Revenue: $439.6M (+22.5% YoY). Key Highlights: Improved customer satisfaction to 92%. Onboarded 50+ enterprise clients. Risks: Regulatory compliance requirements increasing. Outlook: Continued investment in R&D expected. Appendix: Financial statements attached.,report
"INBOX | john.lee@outlook.com → support@biz.net | 02/02/2023 | Quarterly Review | Dear Ravi, I hope this email finds you well. We would like to schedule a call to discuss the upcoming deliverables. Please confirm receipt. Thanks, John Smith | Sent from mobile",email
"RESEARCH REPORT | Title: Market Analysis 2024 | Author: Anil Mehta | Date: 27/10/2025 | Abstract: This period saw significant growth driven by new product launches. Methodology: Expanded to two new markets. Findings: Automated 40% of manual processes. Conclusion: Supply chain disruptions remain a concern. Recommendations: Continued investment in R&D expected. References: [1] Smith et al. (2023), Journal of Business Analytics [2] Kumar & Lee (2024), Int'l Review of Management",report
QUARTERLY REPORT - Q1 2023 | TechNova Ltd | Prepared by: Dr. Priya Sharma | Executive Summary: This period saw significant growth driven by new product launches. Revenue: $106.5M (+29.7% YoY). Key Highlights: Reduced operational costs by 15%. Deployed new CRM system. Risks: Supply chain disruptions remain a concern. Outlook: Continued investment in R&D expected. Appendix: Financial statements attached.,report
"EMPLOYMENT CONTRACT | Employer: Pinnacle Group | Employee: Maria Garcia | Start: 11/04/2023 | Role: financial advisory | Compensation: $5,316 per annum | Benefits: health, dental, PTO. Notice Period: 60 days. Intellectual property created during employment belongs to employer. Non-compete: 12 months post-employment within Delhi.",contract
Invoice #INV-5930 | Bill To: GlobalMart | Date: 07/07/2025 | Due Date: 27/01/2025 | Item: Legal Services x48 @ $869.87 | Subtotal: $13266.76 | Tax (18%): $841.85 | Total Due: $22628.46 | Payment terms: Net 30 | Bank: ICICI | Account: 751397897,invoice
"EMPLOYMENT CONTRACT | Employer: Alpha Tech | Employee: John Smith | Start: 19/09/2024 | Role: data analytics services | Compensation: $30,749 per annum | Benefits: health, dental, PTO. Notice Period: 60 days. Intellectual property created during employment belongs to employer. Non-compete: 6 months post-employment within Karnataka.",contract
QUARTERLY REPORT - Q2 2024 | GlobalMart | Prepared by: James Wilson | Executive Summary: The organization demonstrated strong performance across all key metrics. Revenue: $210.2M (+29.8% YoY). Key Highlights: Reduced operational costs by 15%. Automated 40% of manual processes. Risks: Regulatory compliance requirements increasing. Outlook: Strong pipeline for next quarter. Appendix: Financial statements attached.,report
"ANNUAL PERFORMANCE REVIEW 2023 | Department: Engineering | Manager: Anil Mehta | Overview: Despite market challenges, the team exceeded targets in most areas. KPIs achieved: 103%. Budget utilization: 91%. Key Accomplishments: Expanded to two new markets. Areas for Improvement: Automated 40% of manual processes. Recommendations: Supply chain disruptions remain a concern. Next Steps: Continued investment in R&D expected.",report
"From: anna.kumar@company.com To: support@corp.org CC: cc@work.net Date: 01/12/2025 Subject: Re: Meeting Follow-up | Anna, Thanks for your message. We would like to schedule a call to discuss the upcoming deliverables. Looking forward to your response. Regards, Sarah Lee | Acme Corp | +91-8737581980",email
"SERVICE AGREEMENT between Summit Inc ('Client') and Sarah Johnson ('Service Provider'). Effective Date: 10/11/2025. Term: 24 months. Scope: HR outsourcing. Fees: $8,606/month payable within 30 days. Confidentiality: Both parties agree to maintain strict confidentiality. Termination: Either party may terminate with 15 days notice. Governing Law: Karnataka. Signatures required.",contract
TAX INVOICE from DataBridge | Invoice No: INV-6876 | GSTIN: 17ABCDE6942Z2 | Customer: GlobalMart | Date: 07/02/2024 | Description: Legal Services | Qty: 24 | Rate: $473.68 | Amount: $2287.63 | GST: $168.07 | Grand Total: $13884.97,invoice
"From: ravi.jones@company.com To: info@corp.org CC: cc@work.net Date: 08/01/2023 Subject: Re: Request for Proposal | Priya, Thanks for your message. Could you please provide an update on the status of the pending items? Looking forward to your response. Regards, Anna Chen | Sunrise Enterprises | +91-7181388972",email
"EMPLOYMENT CONTRACT | Employer: Nexus Corp | Employee: John Smith | Start: 19/09/2023 | Role: financial advisory | Compensation: $5,466 per annum | Benefits: health, dental, PTO. Notice Period: 90 days. Intellectual property created during employment belongs to employer. Non-compete: 12 months post-employment within California.",contract
BILL | From: DataBridge | To: GlobalMart | Invoice #INV-6363 | 25/07/2024 | Services rendered: Consulting Services | Hours: 4 | Rate: $885.79/hr | Amount: $16780.76 | Taxes: $462.74 | Amount Due: $6947.81 | Due: 11/06/2025,invoice
Invoice #INV-8007 | Bill To: TechNova Ltd | Date: 02/06/2025 | Due Date: 04/02/2024 | Item: Consulting Services x48 @ $1292.37 | Subtotal: $3387.83 | Tax (18%): $1143.77 | Total Due: $11380.79 | Payment terms: Net 30 | Bank: Citibank | Account: 693269304,invoice
QUARTERLY REPORT - Q3 2024 | Acme Corp | Prepared by: Anil Mehta | Executive Summary: The organization demonstrated strong performance across all key metrics. Revenue: $397.7M (+29.7% YoY). Key Highlights: Launched three new product lines. Completed ISO certification. Risks: Regulatory compliance requirements increasing. Outlook: Market expansion plans on track. Appendix: Financial statements attached.,report
"EMPLOYMENT CONTRACT | Employer: Vertex Ltd | Employee: John Smith | Start: 21/04/2025 | Role: IT consulting and software development | Compensation: $30,078 per annum | Benefits: health, dental, PTO. Notice Period: 90 days. Intellectual property created during employment belongs to employer. Non-compete: 3 months post-employment within Karnataka.",contract
QUARTERLY REPORT - Q4 2025 | Acme Corp | Prepared by: Dr. Priya Sharma | Executive Summary: This period saw significant growth driven by new product launches. Revenue: $93.6M (+13.4% YoY). Key Highlights: Improved customer satisfaction to 92%. Completed ISO certification. Risks: Talent acquisition challenges persist. Outlook: Strong pipeline for next quarter. Appendix: Financial statements attached.,report
"RESEARCH REPORT | Title: Technology Adoption Report | Author: Dr. Priya Sharma | Date: 15/03/2024 | Abstract: Despite market challenges, the team exceeded targets in most areas. Methodology: Improved customer satisfaction to 92%. Findings: Deployed new CRM system. Conclusion: Talent acquisition challenges persist. Recommendations: Strong pipeline for next quarter. References: [1] Smith et al. (2023), Journal of Business Analytics [2] Kumar & Lee (2024), Int'l Review of Management",report
TAX INVOICE from NetEdge | Invoice No: INV-5480 | GSTIN: 16ABCDE9011Z6 | Customer: Blue Ridge Inc | Date: 22/09/2024 | Description: Cloud Hosting | Qty: 23 | Rate: $1553.79 | Amount: $17967.33 | GST: $611.19 | Grand Total: $14275.90,invoice
"EMPLOYMENT CONTRACT | Employer: Nexus Corp | Employee: Sarah Johnson | Start: 13/05/2025 | Role: data analytics services | Compensation: $16,491 per annum | Benefits: health, dental, PTO. Notice Period: 30 days. Intellectual property created during employment belongs to employer. Non-compete: 12 months post-employment within Tamil Nadu.",contract
TAX INVOICE from CloudWorks | Invoice No: INV-1085 | GSTIN: 35ABCDE3527Z7 | Customer: Blue Ridge Inc | Date: 12/05/2023 | Description: Web Development | Qty: 24 | Rate: $350.73 | Amount: $3083.89 | GST: $1888.77 | Grand Total: $3199.84,invoice
"EMPLOYMENT CONTRACT | Employer: Vertex Ltd | Employee: Ravi Kumar | Start: 27/04/2024 | Role: data analytics services | Compensation: $8,556 per annum | Benefits: health, dental, PTO. Notice Period: 30 days. Intellectual property created during employment belongs to employer. Non-compete: 24 months post-employment within Tamil Nadu.",contract
"From: anna.jones@gmail.com | To: team@biz.net | Subject: Action Required | Date: 22/02/2024 | Hi Priya, I wanted to follow up on our last discussion regarding the project timeline. Please let me know if you have any questions. Best regards, Anna Chen",email
"From: mike.smith@gmail.com To: hr@acme.com CC: cc@office.com Date: 20/11/2023 Subject: Re: Meeting Follow-up | Anna, Thanks for your message. Could you please provide an update on the status of the pending items? Looking forward to your response. Regards, Sarah Lee | Bright Solutions | +91-7101792766",email
"From: john.jones@company.com | To: hr@acme.com | Subject: Project Update | Date: 24/01/2023 | Hi John, Please find attached the documents you requested for your review. Please let me know if you have any questions. Best regards, Anna Chen",email
"INBOX | john.kumar@company.com → manager@acme.com | 24/03/2023 | Meeting Follow-up | Dear Ravi, I hope this email finds you well. I am writing to inform you about the changes in the schedule. Please confirm receipt. Thanks, John Smith | Sent from mobile",email
"RESEARCH REPORT | Title: Competitive Landscape Review | Author: Lisa Park | Date: 02/07/2024 | Abstract: Despite market challenges, the team exceeded targets in most areas. Methodology: Reduced operational costs by 15%. Findings: Deployed new CRM system. Conclusion: Talent acquisition challenges persist. Recommendations: Market expansion plans on track. References: [1] Smith et al. (2023), Journal of Business Analytics [2] Kumar & Lee (2024), Int'l Review of Management",report
"INBOX | ravi.lee@gmail.com → hr@biz.net | 05/01/2023 | Quarterly Review | Dear Michael, I hope this email finds you well. I am writing to inform you about the changes in the schedule. Please confirm receipt. Thanks, Sarah Lee | Sent from mobile",email
"NON-DISCLOSURE AGREEMENT | Parties: Nexus Corp and John Smith | Date: 03/11/2024 | Purpose: financial advisory | Confidential Information includes trade secrets, business plans, financial data, and technical know-how. Obligations last 3 months after disclosure. Breach subject to injunctive relief and damages. Jurisdiction: California.",contract
Invoice #INV-8685 | Bill To: TechNova Ltd | Date: 07/03/2025 | Due Date: 01/02/2024 | Item: Cloud Hosting x45 @ $318.32 | Subtotal: $12373.16 | Tax (18%): $924.77 | Total Due: $20879.10 | Payment terms: Net 30 | Bank: ICICI | Account: 880862406,invoice
ANNUAL PERFORMANCE REVIEW 2025 | Department: Engineering | Manager: Anil Mehta | Overview: The organization demonstrated strong performance across all key metrics. KPIs achieved: 106%. Budget utilization: 96%. Key Accomplishments: Improved customer satisfaction to 92%. Areas for Improvement: Deployed new CRM system. Recommendations: Regulatory compliance requirements increasing. Next Steps: Strong pipeline for next quarter.,report
"NON-DISCLOSURE AGREEMENT | Parties: Nexus Corp and Maria Garcia | Date: 07/06/2024 | Purpose: HR outsourcing | Confidential Information includes trade secrets, business plans, financial data, and technical know-how. Obligations last 3 months after disclosure. Breach subject to injunctive relief and damages. Jurisdiction: California.",contract
"SERVICE AGREEMENT between Pinnacle Group ('Client') and John Smith ('Service Provider'). Effective Date: 28/11/2025. Term: 12 months. Scope: financial advisory. Fees: $45,377/month payable within 30 days. Confidentiality: Both parties agree to maintain strict confidentiality. Termination: Either party may terminate with 15 days notice. Governing Law: California. Signatures required.",contract
"SERVICE AGREEMENT between Pinnacle Group ('Client') and Chen Wei ('Service Provider'). Effective Date: 02/11/2024. Term: 24 months. Scope: marketing and brand management. Fees: $8,043/month payable within 30 days. Confidentiality: Both parties agree to maintain strict confidentiality. Termination: Either party may terminate with 60 days notice. Governing Law: Maharashtra. Signatures required.",contract
"From: mike.smith@outlook.com To: hr@acme.com CC: cc@work.net Date: 24/10/2024 Subject: Re: Request for Proposal | Ravi, Thanks for your message. We would like to schedule a call to discuss the upcoming deliverables. Looking forward to your response. Regards, John Smith | Bright Solutions | +91-9961788388",email
"EMPLOYMENT CONTRACT | Employer: Alpha Tech | Employee: Ravi Kumar | Start: 16/10/2025 | Role: marketing and brand management | Compensation: $41,849 per annum | Benefits: health, dental, PTO. Notice Period: 30 days. Intellectual property created during employment belongs to employer. Non-compete: 12 months post-employment within Delhi.",contract
BILL | From: ProServices | To: GlobalMart | Invoice #INV-2037 | 16/05/2024 | Services rendered: Legal Services | Hours: 43 | Rate: $231.63/hr | Amount: $16652.70 | Taxes: $1601.57 | Amount Due: $17613.85 | Due: 13/04/2025,invoice
TAX INVOICE from ZenSoft | Invoice No: INV-4700 | GSTIN: 21ABCDE7652Z8 | Customer: Acme Corp | Date: 21/11/2023 | Description: Marketing Campaign | Qty: 16 | Rate: $1600.13 | Amount: $2323.26 | GST: $634.95 | Grand Total: $24761.69,invoice
"INBOX | sarah.smith@gmail.com → support@biz.net | 16/12/2025 | Project Update | Dear Ravi, I hope this email finds you well. Could you please provide an update on the status of the pending items? Please confirm receipt. Thanks, John Smith | Sent from mobile",email
QUARTERLY REPORT - Q1 2023 | TechNova Ltd | Prepared by: James Wilson | Executive Summary: The organization demonstrated strong performance across all key metrics. Revenue: $293.7M (+22.2% YoY). Key Highlights: Improved customer satisfaction to 92%. Deployed new CRM system. Risks: Talent acquisition challenges persist. Outlook: Strong pipeline for next quarter. Appendix: Financial statements attached.,report
ANNUAL PERFORMANCE REVIEW 2025 | Department: Operations | Manager: Lisa Park | Overview: This period saw significant growth driven by new product launches. KPIs achieved: 106%. Budget utilization: 93%. Key Accomplishments: Launched three new product lines. Areas for Improvement: Automated 40% of manual processes. Recommendations: Supply chain disruptions remain a concern. Next Steps: Market expansion plans on track.,report
"SERVICE AGREEMENT between Alpha Tech ('Client') and Sarah Johnson ('Service Provider'). Effective Date: 20/10/2025. Term: 24 months. Scope: IT consulting and software development. Fees: $22,693/month payable within 30 days. Confidentiality: Both parties agree to maintain strict confidentiality. Termination: Either party may terminate with 60 days notice. Governing Law: Karnataka. Signatures required.",contract
"SERVICE AGREEMENT between Pinnacle Group ('Client') and Ravi Kumar ('Service Provider'). Effective Date: 04/09/2024. Term: 24 months. Scope: IT consulting and software development. Fees: $31,641/month payable within 30 days. Confidentiality: Both parties agree to maintain strict confidentiality. Termination: Either party may terminate with 30 days notice. Governing Law: Karnataka. Signatures required.",contract
"From: anna.lee@company.com | To: info@acme.com | Subject: Quarterly Review | Date: 07/06/2023 | Hi Michael, Could you please provide an update on the status of the pending items? Please let me know if you have any questions. Best regards, Anna Chen",email
BILL | From: ProServices | To: Blue Ridge Inc | Invoice #INV-5636 | 12/03/2024 | Services rendered: Marketing Campaign | Hours: 49 | Rate: $994.19/hr | Amount: $775.89 | Taxes: $1962.00 | Amount Due: $13401.14 | Due: 27/04/2025,invoice
"RESEARCH REPORT | Title: Technology Adoption Report | Author: James Wilson | Date: 10/08/2024 | Abstract: This period saw significant growth driven by new product launches. Methodology: Improved customer satisfaction to 92%. Findings: Automated 40% of manual processes. Conclusion: Talent acquisition challenges persist. Recommendations: Market expansion plans on track. References: [1] Smith et al. (2023), Journal of Business Analytics [2] Kumar & Lee (2024), Int'l Review of Management",report
"SERVICE AGREEMENT between Vertex Ltd ('Client') and John Smith ('Service Provider'). Effective Date: 04/04/2025. Term: 3 months. Scope: financial advisory. Fees: $21,429/month payable within 30 days. Confidentiality: Both parties agree to maintain strict confidentiality. Termination: Either party may terminate with 90 days notice. Governing Law: California. Signatures required.",contract
Invoice #INV-6400 | Bill To: TechNova Ltd | Date: 10/10/2024 | Due Date: 14/06/2025 | Item: Consulting Services x36 @ $1501.95 | Subtotal: $2520.21 | Tax (18%): $1356.53 | Total Due: $2063.54 | Payment terms: Net 30 | Bank: HDFC Bank | Account: 477577220,invoice
"From: sarah.kumar@gmail.com | To: support@acme.com | Subject: Schedule Change | Date: 20/06/2025 | Hi Anna, Could you please provide an update on the status of the pending items? Please let me know if you have any questions. Best regards, John Smith",email
TAX INVOICE from NetEdge | Invoice No: INV-2871 | GSTIN: 15ABCDE8492Z8 | Customer: TechNova Ltd | Date: 27/06/2025 | Description: Marketing Campaign | Qty: 33 | Rate: $488.44 | Amount: $16540.91 | GST: $572.38 | Grand Total: $3362.35,invoice
QUARTERLY REPORT - Q2 2025 | Blue Ridge Inc | Prepared by: Anil Mehta | Executive Summary: The organization demonstrated strong performance across all key metrics. Revenue: $13.1M (+4.4% YoY). Key Highlights: Expanded to two new markets. Deployed new CRM system. Risks: Supply chain disruptions remain a concern. Outlook: Continued investment in R&D expected. Appendix: Financial statements attached.,report
TAX INVOICE from NetEdge | Invoice No: INV-9486 | GSTIN: 30ABCDE1090Z2 | Customer: Bright Solutions | Date: 08/02/2024 | Description: Cloud Hosting | Qty: 15 | Rate: $829.32 | Amount: $3100.11 | GST: $955.87 | Grand Total: $4891.64,invoice
TAX INVOICE from NetEdge | Invoice No: INV-5649 | GSTIN: 16ABCDE9375Z8 | Customer: Blue Ridge Inc | Date: 11/02/2023 | Description: Legal Services | Qty: 11 | Rate: $911.48 | Amount: $13619.52 | GST: $1055.13 | Grand Total: $16675.96,invoice
TAX INVOICE from CloudWorks | Invoice No: INV-2631 | GSTIN: 28ABCDE8951Z6 | Customer: Bright Solutions | Date: 01/02/2023 | Description: Legal Services | Qty: 49 | Rate: $1117.26 | Amount: $9105.08 | GST: $1271.05 | Grand Total: $1781.19,invoice
"SERVICE AGREEMENT between Pinnacle Group ('Client') and Sarah Johnson ('Service Provider'). Effective Date: 03/07/2024. Term: 6 months. Scope: financial advisory. Fees: $38,450/month payable within 30 days. Confidentiality: Both parties agree to maintain strict confidentiality. Termination: Either party may terminate with 60 days notice. Governing Law: California. Signatures required.",contract
"From: sarah.lee@gmail.com To: hr@biz.net CC: cc@work.net Date: 15/07/2025 Subject: Re: Action Required | Michael, Thanks for your message. I am writing to inform you about the changes in the schedule. Looking forward to your response. Regards, Ravi Kumar | GlobalMart | +91-7152721525",email
"From: ravi.lee@outlook.com | To: manager@corp.org | Subject: Request for Proposal | Date: 08/09/2024 | Hi Sarah, We would like to schedule a call to discuss the upcoming deliverables. Please let me know if you have any questions. Best regards, Anna Chen",email
"From: sarah.kumar@gmail.com | To: team@corp.org | Subject: Action Required | Date: 11/10/2023 | Hi Ravi, I wanted to follow up on our last discussion regarding the project timeline. Please let me know if you have any questions. Best regards, John Smith",email
"INBOX | ravi.smith@gmail.com → hr@biz.net | 13/04/2023 | Request for Proposal | Dear Priya, I hope this email finds you well. We would like to schedule a call to discuss the upcoming deliverables. Please confirm receipt. Thanks, John Smith | Sent from mobile",email
Invoice #INV-7723 | Bill To: GlobalMart | Date: 17/04/2025 | Due Date: 20/08/2024 | Item: Consulting Services x27 @ $910.03 | Subtotal: $19963.40 | Tax (18%): $1028.55 | Total Due: $17448.21 | Payment terms: Net 30 | Bank: SBI | Account: 449019278,invoice
BILL | From: CloudWorks | To: Blue Ridge Inc | Invoice #INV-2591 | 02/10/2024 | Services rendered: Legal Services | Hours: 44 | Rate: $538.72/hr | Amount: $14781.02 | Taxes: $1811.64 | Amount Due: $21055.43 | Due: 21/01/2025,invoice
TAX INVOICE from CloudWorks | Invoice No: INV-7797 | GSTIN: 32ABCDE9850Z7 | Customer: Blue Ridge Inc | Date: 20/07/2024 | Description: Marketing Campaign | Qty: 48 | Rate: $1357.45 | Amount: $1137.97 | GST: $1327.10 | Grand Total: $18329.02,invoice
"INBOX | john.smith@outlook.com → hr@acme.com | 04/10/2024 | Invoice Attached | Dear Priya, I hope this email finds you well. I am writing to inform you about the changes in the schedule. Please confirm receipt. Thanks, Ravi Kumar | Sent from mobile",email
QUARTERLY REPORT - Q2 2023 | Acme Corp | Prepared by: James Wilson | Executive Summary: This period saw significant growth driven by new product launches. Revenue: $218.9M (+-0.6% YoY). Key Highlights: Launched three new product lines. Automated 40% of manual processes. Risks: Supply chain disruptions remain a concern. Outlook: Continued investment in R&D expected. Appendix: Financial statements attached.,report
"RESEARCH REPORT | Title: Competitive Landscape Review | Author: Lisa Park | Date: 25/05/2025 | Abstract: The organization demonstrated strong performance across all key metrics. Methodology: Improved customer satisfaction to 92%. Findings: Onboarded 50+ enterprise clients. Conclusion: Regulatory compliance requirements increasing. Recommendations: Strong pipeline for next quarter. References: [1] Smith et al. (2023), Journal of Business Analytics [2] Kumar & Lee (2024), Int'l Review of Management",report
"NON-DISCLOSURE AGREEMENT | Parties: Alpha Tech and Maria Garcia | Date: 05/05/2025 | Purpose: data analytics services | Confidential Information includes trade secrets, business plans, financial data, and technical know-how. Obligations last 24 months after disclosure. Breach subject to injunctive relief and damages. Jurisdiction: Delhi.",contract
"NON-DISCLOSURE AGREEMENT | Parties: Vertex Ltd and Chen Wei | Date: 15/08/2024 | Purpose: data analytics services | Confidential Information includes trade secrets, business plans, financial data, and technical know-how. Obligations last 6 months after disclosure. Breach subject to injunctive relief and damages. Jurisdiction: Tamil Nadu.",contract
Invoice #INV-2234 | Bill To: Bright Solutions | Date: 25/10/2025 | Due Date: 25/11/2025 | Item: Consulting Services x39 @ $335.57 | Subtotal: $13782.10 | Tax (18%): $395.43 | Total Due: $4330.02 | Payment terms: Net 30 | Bank: Axis Bank | Account: 582008349,invoice
"ANNUAL PERFORMANCE REVIEW 2024 | Department: Operations | Manager: Anil Mehta | Overview: Despite market challenges, the team exceeded targets in most areas. KPIs achieved: 86%. Budget utilization: 90%. Key Accomplishments: Reduced operational costs by 15%. Areas for Improvement: Onboarded 50+ enterprise clients. Recommendations: Talent acquisition challenges persist. Next Steps: Strong pipeline for next quarter.",report
"RESEARCH REPORT | Title: Market Analysis 2024 | Author: James Wilson | Date: 23/12/2025 | Abstract: This period saw significant growth driven by new product launches. Methodology: Expanded to two new markets. Findings: Completed ISO certification. Conclusion: Regulatory compliance requirements increasing. Recommendations: Strong pipeline for next quarter. References: [1] Smith et al. (2023), Journal of Business Analytics [2] Kumar & Lee (2024), Int'l Review of Management",report
"NON-DISCLOSURE AGREEMENT | Parties: Vertex Ltd and John Smith | Date: 10/01/2024 | Purpose: data analytics services | Confidential Information includes trade secrets, business plans, financial data, and technical know-how. Obligations last 6 months after disclosure. Breach subject to injunctive relief and damages. Jurisdiction: Maharashtra.",contract
"NON-DISCLOSURE AGREEMENT | Parties: Pinnacle Group and Chen Wei | Date: 19/04/2025 | Purpose: HR outsourcing | Confidential Information includes trade secrets, business plans, financial data, and technical know-how. Obligations last 12 months after disclosure. Breach subject to injunctive relief and damages. Jurisdiction: Maharashtra.",contract
"RESEARCH REPORT | Title: Competitive Landscape Review | Author: Lisa Park | Date: 14/06/2025 | Abstract: Despite market challenges, the team exceeded targets in most areas. Methodology: Improved customer satisfaction to 92%. Findings: Onboarded 50+ enterprise clients. Conclusion: Regulatory compliance requirements increasing. Recommendations: Strong pipeline for next quarter. References: [1] Smith et al. (2023), Journal of Business Analytics [2] Kumar & Lee (2024), Int'l Review of Management",report
QUARTERLY REPORT - Q3 2023 | TechNova Ltd | Prepared by: Dr. Priya Sharma | Executive Summary: This period saw significant growth driven by new product launches. Revenue: $332.3M (+0.9% YoY). Key Highlights: Improved customer satisfaction to 92%. Completed ISO certification. Risks: Talent acquisition challenges persist. Outlook: Market expansion plans on track. Appendix: Financial statements attached.,report
QUARTERLY REPORT - Q1 2023 | GlobalMart | Prepared by: James Wilson | Executive Summary: This period saw significant growth driven by new product launches. Revenue: $159.3M (+4.4% YoY). Key Highlights: Reduced operational costs by 15%. Onboarded 50+ enterprise clients. Risks: Talent acquisition challenges persist. Outlook: Continued investment in R&D expected. Appendix: Financial statements attached.,report
QUARTERLY REPORT - Q4 2025 | TechNova Ltd | Prepared by: Lisa Park | Executive Summary: The organization demonstrated strong performance across all key metrics. Revenue: $102.3M (+2.1% YoY). Key Highlights: Improved customer satisfaction to 92%. Onboarded 50+ enterprise clients. Risks: Regulatory compliance requirements increasing. Outlook: Continued investment in R&D expected. Appendix: Financial statements attached.,report
TAX INVOICE from NetEdge | Invoice No: INV-4241 | GSTIN: 24ABCDE2166Z4 | Customer: Blue Ridge Inc | Date: 08/11/2023 | Description: Web Development | Qty: 41 | Rate: $1428.56 | Amount: $18214.02 | GST: $879.02 | Grand Total: $14990.87,invoice
"QUARTERLY REPORT - Q4 2024 | GlobalMart | Prepared by: James Wilson | Executive Summary: Despite market challenges, the team exceeded targets in most areas. Revenue: $262.8M (+3.0% YoY). Key Highlights: Reduced operational costs by 15%. Automated 40% of manual processes. Risks: Talent acquisition challenges persist. Outlook: Continued investment in R&D expected. Appendix: Financial statements attached.",report
Invoice #INV-1797 | Bill To: Acme Corp | Date: 18/04/2023 | Due Date: 02/07/2025 | Item: Software License x39 @ $519.30 | Subtotal: $10325.97 | Tax (18%): $527.23 | Total Due: $1419.26 | Payment terms: Net 30 | Bank: SBI | Account: 250469429,invoice
"From: mike.jones@company.com To: info@acme.com CC: cc@office.com Date: 28/10/2025 Subject: Re: Schedule Change | Anna, Thanks for your message. I am writing to inform you about the changes in the schedule. Looking forward to your response. Regards, Ravi Kumar | Bright Solutions | +91-7801555686",email
BILL | From: DataBridge | To: Sunrise Enterprises | Invoice #INV-8205 | 19/01/2024 | Services rendered: Web Development | Hours: 41 | Rate: $1303.83/hr | Amount: $10393.07 | Taxes: $183.16 | Amount Due: $8313.79 | Due: 15/11/2025,invoice
BILL | From: ProServices | To: Sunrise Enterprises | Invoice #INV-8311 | 04/03/2023 | Services rendered: Software License | Hours: 17 | Rate: $804.63/hr | Amount: $9314.83 | Taxes: $468.41 | Amount Due: $19509.13 | Due: 20/05/2025,invoice
Invoice #INV-2911 | Bill To: GlobalMart | Date: 04/04/2025 | Due Date: 02/05/2025 | Item: Legal Services x20 @ $1289.04 | Subtotal: $8078.59 | Tax (18%): $322.57 | Total Due: $16441.44 | Payment terms: Net 30 | Bank: HDFC Bank | Account: 245668163,invoice
"SERVICE AGREEMENT between Nexus Corp ('Client') and Chen Wei ('Service Provider'). Effective Date: 21/11/2023. Term: 12 months. Scope: data analytics services. Fees: $13,725/month payable within 30 days. Confidentiality: Both parties agree to maintain strict confidentiality. Termination: Either party may terminate with 60 days notice. Governing Law: Maharashtra. Signatures required.",contract
"SERVICE AGREEMENT between Vertex Ltd ('Client') and Sarah Johnson ('Service Provider'). Effective Date: 10/11/2024. Term: 3 months. Scope: financial advisory. Fees: $11,955/month payable within 30 days. Confidentiality: Both parties agree to maintain strict confidentiality. Termination: Either party may terminate with 15 days notice. Governing Law: California. Signatures required.",contract
ANNUAL PERFORMANCE REVIEW 2024 | Department: Sales | Manager: Dr. Priya Sharma | Overview: This period saw significant growth driven by new product launches. KPIs achieved: 101%. Budget utilization: 96%. Key Accomplishments: Reduced operational costs by 15%. Areas for Improvement: Completed ISO certification. Recommendations: Talent acquisition challenges persist. Next Steps: Strong pipeline for next quarter.,report
"EMPLOYMENT CONTRACT | Employer: Vertex Ltd | Employee: Maria Garcia | Start: 20/09/2023 | Role: financial advisory | Compensation: $38,931 per annum | Benefits: health, dental, PTO. Notice Period: 60 days. Intellectual property created during employment belongs to employer. Non-compete: 3 months post-employment within Delhi.",contract
"EMPLOYMENT CONTRACT | Employer: Nexus Corp | Employee: Chen Wei | Start: 03/05/2024 | Role: HR outsourcing | Compensation: $20,187 per annum | Benefits: health, dental, PTO. Notice Period: 60 days. Intellectual property created during employment belongs to employer. Non-compete: 3 months post-employment within Karnataka.",contract
"INBOX | sarah.kumar@company.com → team@corp.org | 04/12/2023 | Request for Proposal | Dear Sarah, I hope this email finds you well. I am writing to inform you about the changes in the schedule. Please confirm receipt. Thanks, John Smith | Sent from mobile",email
"INBOX | ravi.lee@company.com → support@biz.net | 06/01/2025 | Quarterly Review | Dear Ravi, I hope this email finds you well. We would like to schedule a call to discuss the upcoming deliverables. Please confirm receipt. Thanks, Ravi Kumar | Sent from mobile",email
BILL | From: CloudWorks | To: GlobalMart | Invoice #INV-2874 | 15/04/2024 | Services rendered: Marketing Campaign | Hours: 39 | Rate: $1084.59/hr | Amount: $7109.17 | Taxes: $1712.95 | Amount Due: $11096.86 | Due: 21/09/2024,invoice
BILL | From: ZenSoft | To: Sunrise Enterprises | Invoice #INV-6947 | 08/10/2023 | Services rendered: Web Development | Hours: 32 | Rate: $1841.06/hr | Amount: $2170.24 | Taxes: $1763.51 | Amount Due: $1075.23 | Due: 27/05/2024,invoice
ANNUAL PERFORMANCE REVIEW 2024 | Department: Engineering | Manager: Dr. Priya Sharma | Overview: This period saw significant growth driven by new product launches. KPIs achieved: 92%. Budget utilization: 92%. Key Accomplishments: Improved customer satisfaction to 92%. Areas for Improvement: Onboarded 50+ enterprise clients. Recommendations: Supply chain disruptions remain a concern. Next Steps: Market expansion plans on track.,report
TAX INVOICE from CloudWorks | Invoice No: INV-8489 | GSTIN: 17ABCDE5934Z2 | Customer: TechNova Ltd | Date: 20/09/2023 | Description: Software License | Qty: 16 | Rate: $266.81 | Amount: $12823.12 | GST: $172.47 | Grand Total: $10843.74,invoice
"From: mike.kumar@company.com To: team@acme.com CC: cc@work.net Date: 09/03/2025 Subject: Re: Invoice Attached | Anna, Thanks for your message. I am writing to inform you about the changes in the schedule. Looking forward to your response. Regards, Anna Chen | GlobalMart | +91-9045547915",email
"RESEARCH REPORT | Title: Competitive Landscape Review | Author: James Wilson | Date: 01/10/2025 | Abstract: This period saw significant growth driven by new product launches. Methodology: Launched three new product lines. Findings: Completed ISO certification. Conclusion: Supply chain disruptions remain a concern. Recommendations: Continued investment in R&D expected. References: [1] Smith et al. (2023), Journal of Business Analytics [2] Kumar & Lee (2024), Int'l Review of Management",report
"NON-DISCLOSURE AGREEMENT | Parties: Pinnacle Group and Chen Wei | Date: 04/04/2024 | Purpose: IT consulting and software development | Confidential Information includes trade secrets, business plans, financial data, and technical know-how. Obligations last 6 months after disclosure. Breach subject to injunctive relief and damages. Jurisdiction: California.",contract
"SERVICE AGREEMENT between Nexus Corp ('Client') and John Smith ('Service Provider'). Effective Date: 02/04/2023. Term: 3 months. Scope: IT consulting and software development. Fees: $5,783/month payable within 30 days. Confidentiality: Both parties agree to maintain strict confidentiality. Termination: Either party may terminate with 90 days notice. Governing Law: Karnataka. Signatures required.",contract
"NON-DISCLOSURE AGREEMENT | Parties: Pinnacle Group and Chen Wei | Date: 02/02/2024 | Purpose: HR outsourcing | Confidential Information includes trade secrets, business plans, financial data, and technical know-how. Obligations last 3 months after disclosure. Breach subject to injunctive relief and damages. Jurisdiction: Tamil Nadu.",contract
"SERVICE AGREEMENT between Summit Inc ('Client') and Sarah Johnson ('Service Provider'). Effective Date: 23/01/2023. Term: 12 months. Scope: financial advisory. Fees: $49,863/month payable within 30 days. Confidentiality: Both parties agree to maintain strict confidentiality. Termination: Either party may terminate with 90 days notice. Governing Law: Delhi. Signatures required.",contract
BILL | From: DataBridge | To: Acme Corp | Invoice #INV-8179 | 13/10/2023 | Services rendered: Consulting Services | Hours: 39 | Rate: $1374.85/hr | Amount: $12299.35 | Taxes: $117.86 | Amount Due: $17145.37 | Due: 03/04/2025,invoice
"RESEARCH REPORT | Title: Technology Adoption Report | Author: Dr. Priya Sharma | Date: 17/08/2024 | Abstract: Despite market challenges, the team exceeded targets in most areas. Methodology: Launched three new product lines. Findings: Deployed new CRM system. Conclusion: Regulatory compliance requirements increasing. Recommendations: Continued investment in R&D expected. References: [1] Smith et al. (2023), Journal of Business Analytics [2] Kumar & Lee (2024), Int'l Review of Management",report
"SERVICE AGREEMENT between Vertex Ltd ('Client') and Maria Garcia ('Service Provider'). Effective Date: 28/10/2024. Term: 12 months. Scope: financial advisory. Fees: $30,351/month payable within 30 days. Confidentiality: Both parties agree to maintain strict confidentiality. Termination: Either party may terminate with 15 days notice. Governing Law: Tamil Nadu. Signatures required.",contract
"NON-DISCLOSURE AGREEMENT | Parties: Alpha Tech and Chen Wei | Date: 15/12/2024 | Purpose: IT consulting and software development | Confidential Information includes trade secrets, business plans, financial data, and technical know-how. Obligations last 3 months after disclosure. Breach subject to injunctive relief and damages. Jurisdiction: Karnataka.",contract
"INBOX | sarah.jones@gmail.com → support@biz.net | 24/02/2023 | Project Update | Dear Anna, I hope this email finds you well. Could you please provide an update on the status of the pending items? Please confirm receipt. Thanks, John Smith | Sent from mobile",email
Invoice #INV-3041 | Bill To: Acme Corp | Date: 11/07/2025 | Due Date: 10/09/2025 | Item: Legal Services x22 @ $760.23 | Subtotal: $11311.04 | Tax (18%): $1453.52 | Total Due: $15804.99 | Payment terms: Net 30 | Bank: Axis Bank | Account: 417457352,invoice
"NON-DISCLOSURE AGREEMENT | Parties: Summit Inc and John Smith | Date: 27/07/2025 | Purpose: financial advisory | Confidential Information includes trade secrets, business plans, financial data, and technical know-how. Obligations last 6 months after disclosure. Breach subject to injunctive relief and damages. Jurisdiction: Delhi.",contract
QUARTERLY REPORT - Q2 2023 | GlobalMart | Prepared by: Anil Mehta | Executive Summary: The organization demonstrated strong performance across all key metrics. Revenue: $154.8M (+29.4% YoY). Key Highlights: Improved customer satisfaction to 92%. Completed ISO certification. Risks: Talent acquisition challenges persist. Outlook: Market expansion plans on track. Appendix: Financial statements attached.,report
"RESEARCH REPORT | Title: Consumer Behavior Study | Author: Lisa Park | Date: 04/01/2025 | Abstract: The organization demonstrated strong performance across all key metrics. Methodology: Launched three new product lines. Findings: Automated 40% of manual processes. Conclusion: Supply chain disruptions remain a concern. Recommendations: Continued investment in R&D expected. References: [1] Smith et al. (2023), Journal of Business Analytics [2] Kumar & Lee (2024), Int'l Review of Management",report
"NON-DISCLOSURE AGREEMENT | Parties: Pinnacle Group and Ravi Kumar | Date: 07/03/2025 | Purpose: IT consulting and software development | Confidential Information includes trade secrets, business plans, financial data, and technical know-how. Obligations last 3 months after disclosure. Breach subject to injunctive relief and damages. Jurisdiction: Karnataka.",contract
Invoice #INV-7897 | Bill To: Acme Corp | Date: 25/06/2025 | Due Date: 24/02/2025 | Item: Consulting Services x17 @ $1198.26 | Subtotal: $2626.55 | Tax (18%): $1075.87 | Total Due: $1878.54 | Payment terms: Net 30 | Bank: Axis Bank | Account: 737444033,invoice
"QUARTERLY REPORT - Q4 2025 | GlobalMart | Prepared by: James Wilson | Executive Summary: Despite market challenges, the team exceeded targets in most areas. Revenue: $298.2M (+2.5% YoY). Key Highlights: Improved customer satisfaction to 92%. Completed ISO certification. Risks: Supply chain disruptions remain a concern. Outlook: Continued investment in R&D expected. Appendix: Financial statements attached.",report
"NON-DISCLOSURE AGREEMENT | Parties: Nexus Corp and Maria Garcia | Date: 26/07/2023 | Purpose: HR outsourcing | Confidential Information includes trade secrets, business plans, financial data, and technical know-how. Obligations last 12 months after disclosure. Breach subject to injunctive relief and damages. Jurisdiction: Karnataka.",contract
"INBOX | anna.jones@gmail.com → info@corp.org | 20/09/2024 | Invoice Attached | Dear John, I hope this email finds you well. Could you please provide an update on the status of the pending items? Please confirm receipt. Thanks, John Smith | Sent from mobile",email
QUARTERLY REPORT - Q4 2023 | Acme Corp | Prepared by: James Wilson | Executive Summary: This period saw significant growth driven by new product launches. Revenue: $436.5M (+11.7% YoY). Key Highlights: Reduced operational costs by 15%. Deployed new CRM system. Risks: Supply chain disruptions remain a concern. Outlook: Continued investment in R&D expected. Appendix: Financial statements attached.,report
"NON-DISCLOSURE AGREEMENT | Parties: Nexus Corp and John Smith | Date: 28/03/2023 | Purpose: marketing and brand management | Confidential Information includes trade secrets, business plans, financial data, and technical know-how. Obligations last 3 months after disclosure. Breach subject to injunctive relief and damages. Jurisdiction: Delhi.",contract
QUARTERLY REPORT - Q2 2023 | TechNova Ltd | Prepared by: Lisa Park | Executive Summary: The organization demonstrated strong performance across all key metrics. Revenue: $82.8M (+14.4% YoY). Key Highlights: Reduced operational costs by 15%. Deployed new CRM system. Risks: Talent acquisition challenges persist. Outlook: Strong pipeline for next quarter. Appendix: Financial statements attached.,report
"From: john.kumar@gmail.com | To: team@biz.net | Subject: Request for Proposal | Date: 16/11/2023 | Hi Ravi, Please find attached the documents you requested for your review. Please let me know if you have any questions. Best regards, Ravi Kumar",email
"EMPLOYMENT CONTRACT | Employer: Alpha Tech | Employee: Sarah Johnson | Start: 01/05/2023 | Role: marketing and brand management | Compensation: $9,425 per annum | Benefits: health, dental, PTO. Notice Period: 90 days. Intellectual property created during employment belongs to employer. Non-compete: 3 months post-employment within Maharashtra.",contract
"From: mike.jones@company.com | To: hr@corp.org | Subject: Schedule Change | Date: 02/11/2025 | Hi Michael, We would like to schedule a call to discuss the upcoming deliverables. Please let me know if you have any questions. Best regards, Anna Chen",email
"From: ravi.kumar@gmail.com | To: info@biz.net | Subject: Quarterly Review | Date: 15/11/2023 | Hi Anna, I wanted to follow up on our last discussion regarding the project timeline. Please let me know if you have any questions. Best regards, John Smith",email
"SERVICE AGREEMENT between Pinnacle Group ('Client') and Sarah Johnson ('Service Provider'). Effective Date: 02/08/2025. Term: 24 months. Scope: data analytics services. Fees: $28,601/month payable within 30 days. Confidentiality: Both parties agree to maintain strict confidentiality. Termination: Either party may terminate with 15 days notice. Governing Law: Karnataka. Signatures required.",contract
Invoice #INV-3621 | Bill To: Acme Corp | Date: 13/10/2024 | Due Date: 14/10/2024 | Item: Software License x8 @ $1043.58 | Subtotal: $5402.58 | Tax (18%): $1594.55 | Total Due: $4329.33 | Payment terms: Net 30 | Bank: Axis Bank | Account: 668132202,invoice
"From: ravi.kumar@gmail.com To: support@corp.org CC: cc@office.com Date: 06/01/2025 Subject: Re: Action Required | Michael, Thanks for your message. I wanted to follow up on our last discussion regarding the project timeline. Looking forward to your response. Regards, Sarah Lee | Blue Ridge Inc | +91-9735238728",email
TAX INVOICE from NetEdge | Invoice No: INV-3463 | GSTIN: 27ABCDE7333Z5 | Customer: Acme Corp | Date: 22/03/2024 | Description: Web Development | Qty: 47 | Rate: $178.53 | Amount: $6549.52 | GST: $700.06 | Grand Total: $21378.22,invoice
"SERVICE AGREEMENT between Alpha Tech ('Client') and Ravi Kumar ('Service Provider'). Effective Date: 07/04/2023. Term: 24 months. Scope: HR outsourcing. Fees: $45,032/month payable within 30 days. Confidentiality: Both parties agree to maintain strict confidentiality. Termination: Either party may terminate with 30 days notice. Governing Law: Delhi. Signatures required.",contract
ANNUAL PERFORMANCE REVIEW 2024 | Department: Marketing | Manager: Lisa Park | Overview: This period saw significant growth driven by new product launches. KPIs achieved: 82%. Budget utilization: 101%. Key Accomplishments: Improved customer satisfaction to 92%. Areas for Improvement: Automated 40% of manual processes. Recommendations: Talent acquisition challenges persist. Next Steps: Continued investment in R&D expected.,report
"INBOX | anna.smith@company.com → info@acme.com | 08/12/2025 | Project Update | Dear Sarah, I hope this email finds you well. Could you please provide an update on the status of the pending items? Please confirm receipt. Thanks, John Smith | Sent from mobile",email
QUARTERLY REPORT - Q4 2023 | TechNova Ltd | Prepared by: James Wilson | Executive Summary: This period saw significant growth driven by new product launches. Revenue: $257.2M (+26.8% YoY). Key Highlights: Expanded to two new markets. Onboarded 50+ enterprise clients. Risks: Talent acquisition challenges persist. Outlook: Continued investment in R&D expected. Appendix: Financial statements attached.,report
Invoice #INV-6881 | Bill To: TechNova Ltd | Date: 18/02/2024 | Due Date: 20/05/2024 | Item: Software License x6 @ $1916.57 | Subtotal: $11264.79 | Tax (18%): $1702.61 | Total Due: $9870.23 | Payment terms: Net 30 | Bank: Axis Bank | Account: 184611066,invoice
"RESEARCH REPORT | Title: Market Analysis 2024 | Author: James Wilson | Date: 05/04/2023 | Abstract: The organization demonstrated strong performance across all key metrics. Methodology: Launched three new product lines. Findings: Deployed new CRM system. Conclusion: Talent acquisition challenges persist. Recommendations: Market expansion plans on track. References: [1] Smith et al. (2023), Journal of Business Analytics [2] Kumar & Lee (2024), Int'l Review of Management",report
"ANNUAL PERFORMANCE REVIEW 2023 | Department: Operations | Manager: Dr. Priya Sharma | Overview: Despite market challenges, the team exceeded targets in most areas. KPIs achieved: 91%. Budget utilization: 101%. Key Accomplishments: Expanded to two new markets. Areas for Improvement: Automated 40% of manual processes. Recommendations: Talent acquisition challenges persist. Next Steps: Market expansion plans on track.",report
"From: john.kumar@outlook.com | To: info@biz.net | Subject: Invoice Attached | Date: 25/07/2024 | Hi Anna, Please find attached the documents you requested for your review. Please let me know if you have any questions. Best regards, Anna Chen",email
"From: john.smith@outlook.com | To: hr@acme.com | Subject: Action Required | Date: 06/11/2024 | Hi Sarah, Please find attached the documents you requested for your review. Please let me know if you have any questions. Best regards, Sarah Lee",email
QUARTERLY REPORT - Q2 2025 | Acme Corp | Prepared by: James Wilson | Executive Summary: The organization demonstrated strong performance across all key metrics. Revenue: $435.5M (+4.1% YoY). Key Highlights: Launched three new product lines. Deployed new CRM system. Risks: Regulatory compliance requirements increasing. Outlook: Strong pipeline for next quarter. Appendix: Financial statements attached.,report
ANNUAL PERFORMANCE REVIEW 2023 | Department: Finance | Manager: James Wilson | Overview: This period saw significant growth driven by new product launches. KPIs achieved: 83%. Budget utilization: 91%. Key Accomplishments: Expanded to two new markets. Areas for Improvement: Onboarded 50+ enterprise clients. Recommendations: Regulatory compliance requirements increasing. Next Steps: Continued investment in R&D expected.,report
"INBOX | ravi.lee@outlook.com → hr@biz.net | 08/08/2025 | Schedule Change | Dear Priya, I hope this email finds you well. I wanted to follow up on our last discussion regarding the project timeline. Please confirm receipt. Thanks, John Smith | Sent from mobile",email
QUARTERLY REPORT - Q4 2025 | TechNova Ltd | Prepared by: Dr. Priya Sharma | Executive Summary: This period saw significant growth driven by new product launches. Revenue: $59.4M (+-0.5% YoY). Key Highlights: Improved customer satisfaction to 92%. Automated 40% of manual processes. Risks: Supply chain disruptions remain a concern. Outlook: Continued investment in R&D expected. Appendix: Financial statements attached.,report
"NON-DISCLOSURE AGREEMENT | Parties: Alpha Tech and Ravi Kumar | Date: 15/08/2024 | Purpose: marketing and brand management | Confidential Information includes trade secrets, business plans, financial data, and technical know-how. Obligations last 24 months after disclosure. Breach subject to injunctive relief and damages. Jurisdiction: Karnataka.",contract
ANNUAL PERFORMANCE REVIEW 2023 | Department: Finance | Manager: James Wilson | Overview: This period saw significant growth driven by new product launches. KPIs achieved: 106%. Budget utilization: 105%. Key Accomplishments: Improved customer satisfaction to 92%. Areas for Improvement: Automated 40% of manual processes. Recommendations: Talent acquisition challenges persist. Next Steps: Strong pipeline for next quarter.,report
"NON-DISCLOSURE AGREEMENT | Parties: Summit Inc and Maria Garcia | Date: 23/10/2023 | Purpose: financial advisory | Confidential Information includes trade secrets, business plans, financial data, and technical know-how. Obligations last 24 months after disclosure. Breach subject to injunctive relief and damages. Jurisdiction: Karnataka.",contract
"EMPLOYMENT CONTRACT | Employer: Summit Inc | Employee: Sarah Johnson | Start: 03/12/2024 | Role: financial advisory | Compensation: $28,467 per annum | Benefits: health, dental, PTO. Notice Period: 60 days. Intellectual property created during employment belongs to employer. Non-compete: 24 months post-employment within California.",contract
"EMPLOYMENT CONTRACT | Employer: Summit Inc | Employee: Sarah Johnson | Start: 12/05/2023 | Role: IT consulting and software development | Compensation: $27,812 per annum | Benefits: health, dental, PTO. Notice Period: 15 days. Intellectual property created during employment belongs to employer. Non-compete: 12 months post-employment within California.",contract
Invoice #INV-4990 | Bill To: Sunrise Enterprises | Date: 27/09/2023 | Due Date: 26/10/2024 | Item: Software License x4 @ $1301.32 | Subtotal: $4711.05 | Tax (18%): $1978.20 | Total Due: $19797.79 | Payment terms: Net 30 | Bank: HDFC Bank | Account: 729624046,invoice
BILL | From: CloudWorks | To: TechNova Ltd | Invoice #INV-3188 | 23/09/2024 | Services rendered: Web Development | Hours: 40 | Rate: $278.96/hr | Amount: $15268.34 | Taxes: $982.45 | Amount Due: $5988.72 | Due: 15/12/2025,invoice
"NON-DISCLOSURE AGREEMENT | Parties: Summit Inc and Maria Garcia | Date: 09/07/2024 | Purpose: financial advisory | Confidential Information includes trade secrets, business plans, financial data, and technical know-how. Obligations last 3 months after disclosure. Breach subject to injunctive relief and damages. Jurisdiction: Delhi.",contract
"EMPLOYMENT CONTRACT | Employer: Nexus Corp | Employee: Ravi Kumar | Start: 25/04/2023 | Role: financial advisory | Compensation: $36,269 per annum | Benefits: health, dental, PTO. Notice Period: 15 days. Intellectual property created during employment belongs to employer. Non-compete: 24 months post-employment within Tamil Nadu.",contract
"From: mike.jones@outlook.com To: support@corp.org CC: cc@work.net Date: 04/03/2023 Subject: Re: Meeting Follow-up | Priya, Thanks for your message. I am writing to inform you about the changes in the schedule. Looking forward to your response. Regards, Anna Chen | Blue Ridge Inc | +91-9742870469",email
"SERVICE AGREEMENT between Alpha Tech ('Client') and John Smith ('Service Provider'). Effective Date: 03/02/2025. Term: 6 months. Scope: HR outsourcing. Fees: $49,016/month payable within 30 days. Confidentiality: Both parties agree to maintain strict confidentiality. Termination: Either party may terminate with 60 days notice. Governing Law: Delhi. Signatures required.",contract
QUARTERLY REPORT - Q3 2023 | Acme Corp | Prepared by: Lisa Park | Executive Summary: This period saw significant growth driven by new product launches. Revenue: $143.9M (+17.9% YoY). Key Highlights: Improved customer satisfaction to 92%. Onboarded 50+ enterprise clients. Risks: Supply chain disruptions remain a concern. Outlook: Market expansion plans on track. Appendix: Financial statements attached.,report
TAX INVOICE from ProServices | Invoice No: INV-1659 | GSTIN: 34ABCDE3363Z4 | Customer: TechNova Ltd | Date: 23/06/2024 | Description: Marketing Campaign | Qty: 33 | Rate: $1137.77 | Amount: $10626.99 | GST: $138.34 | Grand Total: $10393.84,invoice
"EMPLOYMENT CONTRACT | Employer: Summit Inc | Employee: Chen Wei | Start: 26/08/2024 | Role: HR outsourcing | Compensation: $20,039 per annum | Benefits: health, dental, PTO. Notice Period: 60 days. Intellectual property created during employment belongs to employer. Non-compete: 3 months post-employment within Tamil Nadu.",contract
"SERVICE AGREEMENT between Alpha Tech ('Client') and Sarah Johnson ('Service Provider'). Effective Date: 26/03/2025. Term: 12 months. Scope: data analytics services. Fees: $18,316/month payable within 30 days. Confidentiality: Both parties agree to maintain strict confidentiality. Termination: Either party may terminate with 15 days notice. Governing Law: Tamil Nadu. Signatures required.",contract
"RESEARCH REPORT | Title: Technology Adoption Report | Author: Lisa Park | Date: 06/02/2025 | Abstract: The organization demonstrated strong performance across all key metrics. Methodology: Reduced operational costs by 15%. Findings: Completed ISO certification. Conclusion: Regulatory compliance requirements increasing. Recommendations: Market expansion plans on track. References: [1] Smith et al. (2023), Journal of Business Analytics [2] Kumar & Lee (2024), Int'l Review of Management",report
Invoice #INV-5728 | Bill To: Bright Solutions | Date: 09/09/2025 | Due Date: 15/12/2025 | Item: Web Development x39 @ $189.25 | Subtotal: $9036.30 | Tax (18%): $906.35 | Total Due: $18874.57 | Payment terms: Net 30 | Bank: Axis Bank | Account: 630208579,invoice
QUARTERLY REPORT - Q3 2023 | TechNova Ltd | Prepared by: James Wilson | Executive Summary: This period saw significant growth driven by new product launches. Revenue: $96.3M (+24.7% YoY). Key Highlights: Launched three new product lines. Automated 40% of manual processes. Risks: Supply chain disruptions remain a concern. Outlook: Strong pipeline for next quarter. Appendix: Financial statements attached.,report
ANNUAL PERFORMANCE REVIEW 2023 | Department: Finance | Manager: James Wilson | Overview: This period saw significant growth driven by new product launches. KPIs achieved: 76%. Budget utilization: 89%. Key Accomplishments: Launched three new product lines. Areas for Improvement: Deployed new CRM system. Recommendations: Supply chain disruptions remain a concern. Next Steps: Market expansion plans on track.,report
"INBOX | john.jones@company.com → info@acme.com | 17/04/2025 | Invoice Attached | Dear Michael, I hope this email finds you well. Could you please provide an update on the status of the pending items? Please confirm receipt. Thanks, John Smith | Sent from mobile",email
"ANNUAL PERFORMANCE REVIEW 2025 | Department: Engineering | Manager: Anil Mehta | Overview: Despite market challenges, the team exceeded targets in most areas. KPIs achieved: 84%. Budget utilization: 94%. Key Accomplishments: Launched three new product lines. Areas for Improvement: Completed ISO certification. Recommendations: Supply chain disruptions remain a concern. Next Steps: Continued investment in R&D expected.",report
"From: ravi.jones@gmail.com To: team@corp.org CC: cc@office.com Date: 25/01/2024 Subject: Re: Quarterly Review | Ravi, Thanks for your message. I wanted to follow up on our last discussion regarding the project timeline. Looking forward to your response. Regards, Ravi Kumar | GlobalMart | +91-9867230846",email
Invoice #INV-5090 | Bill To: Blue Ridge Inc | Date: 05/10/2025 | Due Date: 11/04/2025 | Item: Consulting Services x45 @ $1985.35 | Subtotal: $12742.35 | Tax (18%): $335.17 | Total Due: $21732.32 | Payment terms: Net 30 | Bank: Axis Bank | Account: 388532840,invoice
QUARTERLY REPORT - Q3 2023 | TechNova Ltd | Prepared by: Lisa Park | Executive Summary: The organization demonstrated strong performance across all key metrics. Revenue: $191.5M (+8.5% YoY). Key Highlights: Improved customer satisfaction to 92%. Onboarded 50+ enterprise clients. Risks: Talent acquisition challenges persist. Outlook: Continued investment in R&D expected. Appendix: Financial statements attached.,report
ANNUAL PERFORMANCE REVIEW 2025 | Department: Sales | Manager: Lisa Park | Overview: The organization demonstrated strong performance across all key metrics. KPIs achieved: 106%. Budget utilization: 96%. Key Accomplishments: Improved customer satisfaction to 92%. Areas for Improvement: Deployed new CRM system. Recommendations: Regulatory compliance requirements increasing. Next Steps: Market expansion plans on track.,report
BILL | From: ZenSoft | To: Acme Corp | Invoice #INV-3594 | 08/02/2024 | Services rendered: Legal Services | Hours: 39 | Rate: $995.19/hr | Amount: $18967.68 | Taxes: $655.96 | Amount Due: $20103.26 | Due: 01/09/2025,invoice
"From: mike.smith@gmail.com To: hr@biz.net CC: cc@work.net Date: 16/09/2024 Subject: Re: Action Required | John, Thanks for your message. Please find attached the documents you requested for your review. Looking forward to your response. Regards, Ravi Kumar | Bright Solutions | +91-9521919170",email
"QUARTERLY REPORT - Q3 2023 | GlobalMart | Prepared by: James Wilson | Executive Summary: Despite market challenges, the team exceeded targets in most areas. Revenue: $263.0M (+6.0% YoY). Key Highlights: Reduced operational costs by 15%. Onboarded 50+ enterprise clients. Risks: Supply chain disruptions remain a concern. Outlook: Strong pipeline for next quarter. Appendix: Financial statements attached.",report
"INBOX | ravi.kumar@company.com → manager@biz.net | 23/08/2025 | Request for Proposal | Dear Priya, I hope this email finds you well. I wanted to follow up on our last discussion regarding the project timeline. Please confirm receipt. Thanks, Anna Chen | Sent from mobile",email
ANNUAL PERFORMANCE REVIEW 2025 | Department: Engineering | Manager: James Wilson | Overview: This period saw significant growth driven by new product launches. KPIs achieved: 94%. Budget utilization: 98%. Key Accomplishments: Improved customer satisfaction to 92%. Areas for Improvement: Automated 40% of manual processes. Recommendations: Regulatory compliance requirements increasing. Next Steps: Continued investment in R&D expected.,report
"INBOX | mike.kumar@company.com → team@acme.com | 12/08/2024 | Project Update | Dear Priya, I hope this email finds you well. Could you please provide an update on the status of the pending items? Please confirm receipt. Thanks, Ravi Kumar | Sent from mobile",email
"From: anna.lee@outlook.com | To: support@biz.net | Subject: Schedule Change | Date: 02/06/2023 | Hi John, Could you please provide an update on the status of the pending items? Please let me know if you have any questions. Best regards, Ravi Kumar",email
"EMPLOYMENT CONTRACT | Employer: Summit Inc | Employee: Maria Garcia | Start: 11/12/2023 | Role: HR outsourcing | Compensation: $13,551 per annum | Benefits: health, dental, PTO. Notice Period: 15 days. Intellectual property created during employment belongs to employer. Non-compete: 12 months post-employment within Tamil Nadu.",contract
"From: ravi.kumar@company.com To: hr@biz.net CC: cc@office.com Date: 06/12/2024 Subject: Re: Invoice Attached | Sarah, Thanks for your message. Could you please provide an update on the status of the pending items? Looking forward to your response. Regards, Ravi Kumar | TechNova Ltd | +91-9968040186",email
"From: mike.smith@outlook.com | To: support@acme.com | Subject: Project Update | Date: 05/06/2024 | Hi Michael, We would like to schedule a call to discuss the upcoming deliverables. Please let me know if you have any questions. Best regards, Ravi Kumar",email
BILL | From: DataBridge | To: Sunrise Enterprises | Invoice #INV-3549 | 15/11/2024 | Services rendered: Marketing Campaign | Hours: 6 | Rate: $682.55/hr | Amount: $9970.40 | Taxes: $356.95 | Amount Due: $22153.55 | Due: 20/01/2024,invoice
QUARTERLY REPORT - Q3 2023 | Blue Ridge Inc | Prepared by: Lisa Park | Executive Summary: This period saw significant growth driven by new product launches. Revenue: $402.8M (+28.2% YoY). Key Highlights: Launched three new product lines. Automated 40% of manual processes. Risks: Talent acquisition challenges persist. Outlook: Continued investment in R&D expected. Appendix: Financial statements attached.,report
Invoice #INV-8851 | Bill To: GlobalMart | Date: 02/06/2025 | Due Date: 18/09/2025 | Item: Software License x29 @ $1444.71 | Subtotal: $10969.67 | Tax (18%): $1185.38 | Total Due: $24773.09 | Payment terms: Net 30 | Bank: Citibank | Account: 972197233,invoice
"RESEARCH REPORT | Title: Competitive Landscape Review | Author: Dr. Priya Sharma | Date: 25/07/2024 | Abstract: The organization demonstrated strong performance across all key metrics. Methodology: Reduced operational costs by 15%. Findings: Onboarded 50+ enterprise clients. Conclusion: Supply chain disruptions remain a concern. Recommendations: Continued investment in R&D expected. References: [1] Smith et al. (2023), Journal of Business Analytics [2] Kumar & Lee (2024), Int'l Review of Management",report
"From: sarah.kumar@company.com To: hr@corp.org CC: cc@office.com Date: 19/03/2025 Subject: Re: Quarterly Review | John, Thanks for your message. I am writing to inform you about the changes in the schedule. Looking forward to your response. Regards, Sarah Lee | Acme Corp | +91-8838720022",email
"EMPLOYMENT CONTRACT | Employer: Summit Inc | Employee: Maria Garcia | Start: 04/08/2023 | Role: data analytics services | Compensation: $24,253 per annum | Benefits: health, dental, PTO. Notice Period: 60 days. Intellectual property created during employment belongs to employer. Non-compete: 6 months post-employment within Tamil Nadu.",contract
TAX INVOICE from NetEdge | Invoice No: INV-8586 | GSTIN: 25ABCDE4948Z4 | Customer: Sunrise Enterprises | Date: 14/07/2025 | Description: Web Development | Qty: 46 | Rate: $784.10 | Amount: $10834.84 | GST: $1833.75 | Grand Total: $4122.18,invoice
TAX INVOICE from NetEdge | Invoice No: INV-8622 | GSTIN: 17ABCDE8555Z5 | Customer: Bright Solutions | Date: 06/02/2024 | Description: Cloud Hosting | Qty: 17 | Rate: $1830.02 | Amount: $18932.09 | GST: $1807.36 | Grand Total: $16870.91,invoice
"From: anna.smith@gmail.com | To: info@biz.net | Subject: Invoice Attached | Date: 28/05/2024 | Hi Ravi, Could you please provide an update on the status of the pending items? Please let me know if you have any questions. Best regards, John Smith",email
BILL | From: CloudWorks | To: TechNova Ltd | Invoice #INV-8060 | 12/01/2024 | Services rendered: Marketing Campaign | Hours: 1 | Rate: $1361.42/hr | Amount: $1497.57 | Taxes: $311.17 | Amount Due: $21271.01 | Due: 09/12/2025,invoice
BILL | From: DataBridge | To: TechNova Ltd | Invoice #INV-8616 | 28/04/2023 | Services rendered: Marketing Campaign | Hours: 35 | Rate: $1932.67/hr | Amount: $5939.10 | Taxes: $899.37 | Amount Due: $19501.25 | Due: 24/10/2025,invoice
BILL | From: ProServices | To: GlobalMart | Invoice #INV-5949 | 13/10/2024 | Services rendered: Legal Services | Hours: 17 | Rate: $633.35/hr | Amount: $11708.83 | Taxes: $438.47 | Amount Due: $11746.79 | Due: 13/08/2024,invoice
QUARTERLY REPORT - Q1 2023 | Sunrise Enterprises | Prepared by: Anil Mehta | Executive Summary: The organization demonstrated strong performance across all key metrics. Revenue: $290.2M (+16.1% YoY). Key Highlights: Expanded to two new markets. Onboarded 50+ enterprise clients. Risks: Regulatory compliance requirements increasing. Outlook: Market expansion plans on track. Appendix: Financial statements attached.,report
"SERVICE AGREEMENT between Vertex Ltd ('Client') and Maria Garcia ('Service Provider'). Effective Date: 07/07/2025. Term: 3 months. Scope: IT consulting and software development. Fees: $27,534/month payable within 30 days. Confidentiality: Both parties agree to maintain strict confidentiality. Termination: Either party may terminate with 90 days notice. Governing Law: California. Signatures required.",contract
"INBOX | ravi.kumar@gmail.com → manager@corp.org | 12/03/2023 | Action Required | Dear Michael, I hope this email finds you well. I wanted to follow up on our last discussion regarding the project timeline. Please confirm receipt. Thanks, Anna Chen | Sent from mobile",email
QUARTERLY REPORT - Q3 2025 | Blue Ridge Inc | Prepared by: Dr. Priya Sharma | Executive Summary: The organization demonstrated strong performance across all key metrics. Revenue: $201.6M (+17.6% YoY). Key Highlights: Expanded to two new markets. Completed ISO certification. Risks: Regulatory compliance requirements increasing. Outlook: Continued investment in R&D expected. Appendix: Financial statements attached.,report
BILL | From: NetEdge | To: Acme Corp | Invoice #INV-7824 | 16/05/2025 | Services rendered: Web Development | Hours: 22 | Rate: $634.59/hr | Amount: $15766.63 | Taxes: $1188.22 | Amount Due: $17040.88 | Due: 26/12/2024,invoice
BILL | From: CloudWorks | To: Sunrise Enterprises | Invoice #INV-9543 | 28/07/2024 | Services rendered: Software License | Hours: 47 | Rate: $482.02/hr | Amount: $13878.90 | Taxes: $638.18 | Amount Due: $19710.74 | Due: 21/01/2024,invoice
Invoice #INV-7756 | Bill To: Acme Corp | Date: 01/04/2025 | Due Date: 21/04/2024 | Item: Legal Services x4 @ $1071.69 | Subtotal: $7777.41 | Tax (18%): $318.11 | Total Due: $19249.87 | Payment terms: Net 30 | Bank: SBI | Account: 589636644,invoice
TAX INVOICE from NetEdge | Invoice No: INV-3773 | GSTIN: 33ABCDE9037Z8 | Customer: GlobalMart | Date: 16/03/2025 | Description: Consulting Services | Qty: 47 | Rate: $551.79 | Amount: $19811.31 | GST: $322.92 | Grand Total: $19997.40,invoice
TAX INVOICE from NetEdge | Invoice No: INV-1027 | GSTIN: 13ABCDE7311Z4 | Customer: Sunrise Enterprises | Date: 22/12/2025 | Description: Web Development | Qty: 3 | Rate: $1232.11 | Amount: $14872.24 | GST: $1063.84 | Grand Total: $17894.36,invoice
"INBOX | sarah.kumar@gmail.com → support@acme.com | 25/10/2025 | Quarterly Review | Dear Sarah, I hope this email finds you well. I am writing to inform you about the changes in the schedule. Please confirm receipt. Thanks, Anna Chen | Sent from mobile",email
Invoice #INV-2677 | Bill To: GlobalMart | Date: 15/05/2024 | Due Date: 21/04/2025 | Item: Marketing Campaign x14 @ $1532.01 | Subtotal: $2196.17 | Tax (18%): $1485.18 | Total Due: $24750.53 | Payment terms: Net 30 | Bank: HDFC Bank | Account: 976955647,invoice
"SERVICE AGREEMENT between Pinnacle Group ('Client') and Maria Garcia ('Service Provider'). Effective Date: 20/10/2025. Term: 12 months. Scope: marketing and brand management. Fees: $7,270/month payable within 30 days. Confidentiality: Both parties agree to maintain strict confidentiality. Termination: Either party may terminate with 60 days notice. Governing Law: Karnataka. Signatures required.",contract
QUARTERLY REPORT - Q1 2023 | GlobalMart | Prepared by: Anil Mehta | Executive Summary: This period saw significant growth driven by new product launches. Revenue: $309.3M (+22.4% YoY). Key Highlights: Expanded to two new markets. Deployed new CRM system. Risks: Supply chain disruptions remain a concern. Outlook: Strong pipeline for next quarter. Appendix: Financial statements attached.,report
ANNUAL PERFORMANCE REVIEW 2023 | Department: Marketing | Manager: Dr. Priya Sharma | Overview: This period saw significant growth driven by new product launches. KPIs achieved: 78%. Budget utilization: 86%. Key Accomplishments: Launched three new product lines. Areas for Improvement: Automated 40% of manual processes. Recommendations: Talent acquisition challenges persist. Next Steps: Market expansion plans on track.,report
BILL | From: ProServices | To: Blue Ridge Inc | Invoice #INV-9589 | 02/10/2025 | Services rendered: Software License | Hours: 38 | Rate: $1176.39/hr | Amount: $2642.96 | Taxes: $1276.60 | Amount Due: $12322.95 | Due: 20/07/2024,invoice
ANNUAL PERFORMANCE REVIEW 2025 | Department: Operations | Manager: Lisa Park | Overview: This period saw significant growth driven by new product launches. KPIs achieved: 84%. Budget utilization: 80%. Key Accomplishments: Improved customer satisfaction to 92%. Areas for Improvement: Automated 40% of manual processes. Recommendations: Supply chain disruptions remain a concern. Next Steps: Strong pipeline for next quarter.,report
"SERVICE AGREEMENT between Vertex Ltd ('Client') and Ravi Kumar ('Service Provider'). Effective Date: 24/02/2023. Term: 12 months. Scope: marketing and brand management. Fees: $32,918/month payable within 30 days. Confidentiality: Both parties agree to maintain strict confidentiality. Termination: Either party may terminate with 15 days notice. Governing Law: Maharashtra. Signatures required.",contract
TAX INVOICE from CloudWorks | Invoice No: INV-8247 | GSTIN: 19ABCDE1689Z5 | Customer: Bright Solutions | Date: 07/04/2025 | Description: Legal Services | Qty: 6 | Rate: $1645.84 | Amount: $5787.09 | GST: $1329.15 | Grand Total: $9051.27,invoice
"From: anna.kumar@company.com | To: support@biz.net | Subject: Schedule Change | Date: 02/03/2024 | Hi Sarah, Could you please provide an update on the status of the pending items? Please let me know if you have any questions. Best regards, Anna Chen",email
BILL | From: NetEdge | To: TechNova Ltd | Invoice #INV-8517 | 14/10/2024 | Services rendered: Consulting Services | Hours: 42 | Rate: $1758.92/hr | Amount: $7558.93 | Taxes: $328.60 | Amount Due: $12781.24 | Due: 05/04/2025,invoice
QUARTERLY REPORT - Q3 2023 | Blue Ridge Inc | Prepared by: Anil Mehta | Executive Summary: The organization demonstrated strong performance across all key metrics. Revenue: $77.5M (+9.7% YoY). Key Highlights: Reduced operational costs by 15%. Deployed new CRM system. Risks: Talent acquisition challenges persist. Outlook: Strong pipeline for next quarter. Appendix: Financial statements attached.,report
"RESEARCH REPORT | Title: Consumer Behavior Study | Author: Lisa Park | Date: 18/03/2023 | Abstract: Despite market challenges, the team exceeded targets in most areas. Methodology: Launched three new product lines. Findings: Onboarded 50+ enterprise clients. Conclusion: Regulatory compliance requirements increasing. Recommendations: Market expansion plans on track. References: [1] Smith et al. (2023), Journal of Business Analytics [2] Kumar & Lee (2024), Int'l Review of Management",report
Invoice #INV-3165 | Bill To: TechNova Ltd | Date: 09/08/2024 | Due Date: 12/09/2025 | Item: Legal Services x27 @ $1823.77 | Subtotal: $17472.74 | Tax (18%): $1583.70 | Total Due: $4885.62 | Payment terms: Net 30 | Bank: SBI | Account: 901611993,invoice
"From: john.jones@outlook.com | To: manager@corp.org | Subject: Action Required | Date: 02/02/2024 | Hi Michael, I wanted to follow up on our last discussion regarding the project timeline. Please let me know if you have any questions. Best regards, Ravi Kumar",email
"NON-DISCLOSURE AGREEMENT | Parties: Alpha Tech and John Smith | Date: 21/12/2023 | Purpose: financial advisory | Confidential Information includes trade secrets, business plans, financial data, and technical know-how. Obligations last 6 months after disclosure. Breach subject to injunctive relief and damages. Jurisdiction: Karnataka.",contract
Invoice #INV-4050 | Bill To: Blue Ridge Inc | Date: 20/11/2024 | Due Date: 11/05/2024 | Item: Cloud Hosting x42 @ $694.83 | Subtotal: $8840.21 | Tax (18%): $77.46 | Total Due: $6877.26 | Payment terms: Net 30 | Bank: SBI | Account: 987973565,invoice
"NON-DISCLOSURE AGREEMENT | Parties: Summit Inc and Ravi Kumar | Date: 15/02/2024 | Purpose: data analytics services | Confidential Information includes trade secrets, business plans, financial data, and technical know-how. Obligations last 12 months after disclosure. Breach subject to injunctive relief and damages. Jurisdiction: Maharashtra.",contract
"EMPLOYMENT CONTRACT | Employer: Nexus Corp | Employee: John Smith | Start: 28/08/2025 | Role: IT consulting and software development | Compensation: $31,502 per annum | Benefits: health, dental, PTO. Notice Period: 60 days. Intellectual property created during employment belongs to employer. Non-compete: 12 months post-employment within California.",contract
"EMPLOYMENT CONTRACT | Employer: Alpha Tech | Employee: Maria Garcia | Start: 16/06/2024 | Role: financial advisory | Compensation: $8,013 per annum | Benefits: health, dental, PTO. Notice Period: 15 days. Intellectual property created during employment belongs to employer. Non-compete: 3 months post-employment within Karnataka.",contract
"From: sarah.kumar@company.com To: support@acme.com CC: cc@office.com Date: 16/07/2025 Subject: Re: Request for Proposal | Sarah, Thanks for your message. Could you please provide an update on the status of the pending items? Looking forward to your response. Regards, Sarah Lee | Sunrise Enterprises | +91-9997331061",email
"EMPLOYMENT CONTRACT | Employer: Pinnacle Group | Employee: Maria Garcia | Start: 18/01/2025 | Role: financial advisory | Compensation: $44,549 per annum | Benefits: health, dental, PTO. Notice Period: 15 days. Intellectual property created during employment belongs to employer. Non-compete: 3 months post-employment within Delhi.",contract
BILL | From: ProServices | To: Sunrise Enterprises | Invoice #INV-8378 | 04/07/2024 | Services rendered: Web Development | Hours: 5 | Rate: $429.58/hr | Amount: $16000.50 | Taxes: $1540.59 | Amount Due: $10026.91 | Due: 09/10/2024,invoice
"SERVICE AGREEMENT between Nexus Corp ('Client') and Ravi Kumar ('Service Provider'). Effective Date: 17/07/2025. Term: 3 months. Scope: financial advisory. Fees: $16,798/month payable within 30 days. Confidentiality: Both parties agree to maintain strict confidentiality. Termination: Either party may terminate with 30 days notice. Governing Law: California. Signatures required.",contract
"INBOX | mike.jones@company.com → team@corp.org | 04/12/2025 | Meeting Follow-up | Dear Priya, I hope this email finds you well. Please find attached the documents you requested for your review. Please confirm receipt. Thanks, Anna Chen | Sent from mobile",email
"From: john.smith@outlook.com To: manager@corp.org CC: cc@work.net Date: 20/11/2024 Subject: Re: Invoice Attached | John, Thanks for your message. We would like to schedule a call to discuss the upcoming deliverables. Looking forward to your response. Regards, Anna Chen | Blue Ridge Inc | +91-9277421089",email
"RESEARCH REPORT | Title: Technology Adoption Report | Author: Anil Mehta | Date: 27/10/2025 | Abstract: This period saw significant growth driven by new product launches. Methodology: Improved customer satisfaction to 92%. Findings: Completed ISO certification. Conclusion: Regulatory compliance requirements increasing. Recommendations: Strong pipeline for next quarter. References: [1] Smith et al. (2023), Journal of Business Analytics [2] Kumar & Lee (2024), Int'l Review of Management",report
"INBOX | sarah.lee@outlook.com → manager@corp.org | 16/07/2025 | Meeting Follow-up | Dear Sarah, I hope this email finds you well. I wanted to follow up on our last discussion regarding the project timeline. Please confirm receipt. Thanks, Sarah Lee | Sent from mobile",email
Invoice #INV-5198 | Bill To: Acme Corp | Date: 10/02/2025 | Due Date: 06/10/2024 | Item: Marketing Campaign x14 @ $973.44 | Subtotal: $18613.30 | Tax (18%): $1545.45 | Total Due: $11946.83 | Payment terms: Net 30 | Bank: SBI | Account: 127571992,invoice
"From: john.jones@outlook.com | To: team@biz.net | Subject: Project Update | Date: 02/03/2023 | Hi John, We would like to schedule a call to discuss the upcoming deliverables. Please let me know if you have any questions. Best regards, Anna Chen",email
Invoice #INV-9224 | Bill To: TechNova Ltd | Date: 01/06/2023 | Due Date: 13/02/2025 | Item: Software License x27 @ $1642.57 | Subtotal: $13174.23 | Tax (18%): $779.22 | Total Due: $1899.47 | Payment terms: Net 30 | Bank: SBI | Account: 867407868,invoice
"SERVICE AGREEMENT between Vertex Ltd ('Client') and Maria Garcia ('Service Provider'). Effective Date: 17/08/2025. Term: 12 months. Scope: data analytics services. Fees: $45,519/month payable within 30 days. Confidentiality: Both parties agree to maintain strict confidentiality. Termination: Either party may terminate with 60 days notice. Governing Law: Maharashtra. Signatures required.",contract
BILL | From: DataBridge | To: GlobalMart | Invoice #INV-1423 | 19/01/2023 | Services rendered: Legal Services | Hours: 21 | Rate: $127.73/hr | Amount: $9674.77 | Taxes: $228.09 | Amount Due: $15330.61 | Due: 22/10/2024,invoice
"NON-DISCLOSURE AGREEMENT | Parties: Pinnacle Group and Sarah Johnson | Date: 24/12/2025 | Purpose: marketing and brand management | Confidential Information includes trade secrets, business plans, financial data, and technical know-how. Obligations last 6 months after disclosure. Breach subject to injunctive relief and damages. Jurisdiction: Tamil Nadu.",contract
"INBOX | mike.kumar@company.com → manager@corp.org | 02/02/2024 | Quarterly Review | Dear Anna, I hope this email finds you well. Could you please provide an update on the status of the pending items? Please confirm receipt. Thanks, Ravi Kumar | Sent from mobile",email
"QUARTERLY REPORT - Q3 2025 | TechNova Ltd | Prepared by: Lisa Park | Executive Summary: Despite market challenges, the team exceeded targets in most areas. Revenue: $348.4M (+23.7% YoY). Key Highlights: Launched three new product lines. Onboarded 50+ enterprise clients. Risks: Supply chain disruptions remain a concern. Outlook: Strong pipeline for next quarter. Appendix: Financial statements attached.",report
"NON-DISCLOSURE AGREEMENT | Parties: Vertex Ltd and John Smith | Date: 02/04/2025 | Purpose: IT consulting and software development | Confidential Information includes trade secrets, business plans, financial data, and technical know-how. Obligations last 6 months after disclosure. Breach subject to injunctive relief and damages. Jurisdiction: Delhi.",contract
"SERVICE AGREEMENT between Pinnacle Group ('Client') and Chen Wei ('Service Provider'). Effective Date: 21/09/2025. Term: 24 months. Scope: HR outsourcing. Fees: $10,401/month payable within 30 days. Confidentiality: Both parties agree to maintain strict confidentiality. Termination: Either party may terminate with 60 days notice. Governing Law: California. Signatures required.",contract
"From: john.kumar@company.com | To: hr@corp.org | Subject: Request for Proposal | Date: 18/12/2023 | Hi Anna, We would like to schedule a call to discuss the upcoming deliverables. Please let me know if you have any questions. Best regards, Ravi Kumar",email
"EMPLOYMENT CONTRACT | Employer: Nexus Corp | Employee: Maria Garcia | Start: 23/05/2025 | Role: financial advisory | Compensation: $45,905 per annum | Benefits: health, dental, PTO. Notice Period: 60 days. Intellectual property created during employment belongs to employer. Non-compete: 6 months post-employment within Tamil Nadu.",contract
Invoice #INV-5088 | Bill To: TechNova Ltd | Date: 24/03/2023 | Due Date: 12/09/2025 | Item: Software License x23 @ $131.57 | Subtotal: $19536.02 | Tax (18%): $1350.52 | Total Due: $5725.87 | Payment terms: Net 30 | Bank: Citibank | Account: 274484941,invoice
QUARTERLY REPORT - Q1 2025 | GlobalMart | Prepared by: James Wilson | Executive Summary: This period saw significant growth driven by new product launches. Revenue: $75.8M (+3.3% YoY). Key Highlights: Expanded to two new markets. Deployed new CRM system. Risks: Talent acquisition challenges persist. Outlook: Market expansion plans on track. Appendix: Financial statements attached.,report
"EMPLOYMENT CONTRACT | Employer: Alpha Tech | Employee: Chen Wei | Start: 04/09/2023 | Role: HR outsourcing | Compensation: $49,125 per annum | Benefits: health, dental, PTO. Notice Period: 90 days. Intellectual property created during employment belongs to employer. Non-compete: 12 months post-employment within California.",contract
"SERVICE AGREEMENT between Summit Inc ('Client') and Ravi Kumar ('Service Provider'). Effective Date: 04/03/2025. Term: 6 months. Scope: marketing and brand management. Fees: $17,735/month payable within 30 days. Confidentiality: Both parties agree to maintain strict confidentiality. Termination: Either party may terminate with 30 days notice. Governing Law: California. Signatures required.",contract
TAX INVOICE from NetEdge | Invoice No: INV-1878 | GSTIN: 18ABCDE8827Z2 | Customer: Acme Corp | Date: 10/02/2023 | Description: Software License | Qty: 26 | Rate: $409.51 | Amount: $2809.81 | GST: $345.87 | Grand Total: $12598.62,invoice
"NON-DISCLOSURE AGREEMENT | Parties: Pinnacle Group and Sarah Johnson | Date: 23/12/2025 | Purpose: marketing and brand management | Confidential Information includes trade secrets, business plans, financial data, and technical know-how. Obligations last 6 months after disclosure. Breach subject to injunctive relief and damages. Jurisdiction: Tamil Nadu.",contract
QUARTERLY REPORT - Q2 2024 | Acme Corp | Prepared by: James Wilson | Executive Summary: This period saw significant growth driven by new product launches. Revenue: $405.6M (+11.3% YoY). Key Highlights: Expanded to two new markets. Automated 40% of manual processes. Risks: Supply chain disruptions remain a concern. Outlook: Strong pipeline for next quarter. Appendix: Financial statements attached.,report
ANNUAL PERFORMANCE REVIEW 2023 | Department: Finance | Manager: Dr. Priya Sharma | Overview: This period saw significant growth driven by new product launches. KPIs achieved: 107%. Budget utilization: 103%. Key Accomplishments: Expanded to two new markets. Areas for Improvement: Completed ISO certification. Recommendations: Talent acquisition challenges persist. Next Steps: Strong pipeline for next quarter.,report
"From: ravi.lee@company.com | To: support@acme.com | Subject: Action Required | Date: 08/10/2023 | Hi Anna, Could you please provide an update on the status of the pending items? Please let me know if you have any questions. Best regards, Anna Chen",email
"EMPLOYMENT CONTRACT | Employer: Alpha Tech | Employee: Sarah Johnson | Start: 01/07/2023 | Role: financial advisory | Compensation: $11,977 per annum | Benefits: health, dental, PTO. Notice Period: 60 days. Intellectual property created during employment belongs to employer. Non-compete: 24 months post-employment within Maharashtra.",contract
"EMPLOYMENT CONTRACT | Employer: Summit Inc | Employee: Ravi Kumar | Start: 21/10/2025 | Role: HR outsourcing | Compensation: $41,795 per annum | Benefits: health, dental, PTO. Notice Period: 15 days. Intellectual property created during employment belongs to employer. Non-compete: 3 months post-employment within Tamil Nadu.",contract
Invoice #INV-9701 | Bill To: Acme Corp | Date: 20/02/2025 | Due Date: 17/02/2024 | Item: Software License x38 @ $1508.55 | Subtotal: $8373.62 | Tax (18%): $356.99 | Total Due: $12233.64 | Payment terms: Net 30 | Bank: HDFC Bank | Account: 352548261,invoice
"INBOX | sarah.smith@gmail.com → manager@acme.com | 12/08/2024 | Invoice Attached | Dear John, I hope this email finds you well. Could you please provide an update on the status of the pending items? Please confirm receipt. Thanks, Ravi Kumar | Sent from mobile",email
"QUARTERLY REPORT - Q3 2023 | Blue Ridge Inc | Prepared by: Anil Mehta | Executive Summary: Despite market challenges, the team exceeded targets in most areas. Revenue: $499.2M (+5.6% YoY). Key Highlights: Reduced operational costs by 15%. Completed ISO certification. Risks: Talent acquisition challenges persist. Outlook: Market expansion plans on track. Appendix: Financial statements attached.",report
TAX INVOICE from NetEdge | Invoice No: INV-5505 | GSTIN: 12ABCDE2323Z6 | Customer: GlobalMart | Date: 18/12/2024 | Description: Marketing Campaign | Qty: 10 | Rate: $1439.18 | Amount: $7927.64 | GST: $1267.42 | Grand Total: $2202.65,invoice
BILL | From: CloudWorks | To: GlobalMart | Invoice #INV-5479 | 18/03/2024 | Services rendered: Legal Services | Hours: 19 | Rate: $1672.68/hr | Amount: $4216.90 | Taxes: $860.21 | Amount Due: $13016.48 | Due: 16/08/2024,invoice
"From: sarah.kumar@gmail.com | To: support@acme.com | Subject: Project Update | Date: 14/03/2025 | Hi Ravi, We would like to schedule a call to discuss the upcoming deliverables. Please let me know if you have any questions. Best regards, Sarah Lee",email
"EMPLOYMENT CONTRACT | Employer: Alpha Tech | Employee: Maria Garcia | Start: 08/12/2024 | Role: financial advisory | Compensation: $28,283 per annum | Benefits: health, dental, PTO. Notice Period: 30 days. Intellectual property created during employment belongs to employer. Non-compete: 12 months post-employment within Delhi.",contract
"From: sarah.smith@outlook.com To: manager@biz.net CC: cc@office.com Date: 10/09/2023 Subject: Re: Action Required | Ravi, Thanks for your message. I am writing to inform you about the changes in the schedule. Looking forward to your response. Regards, John Smith | GlobalMart | +91-7517717617",email
BILL | From: DataBridge | To: Acme Corp | Invoice #INV-3725 | 26/07/2023 | Services rendered: Consulting Services | Hours: 43 | Rate: $1833.08/hr | Amount: $705.68 | Taxes: $1311.65 | Amount Due: $16818.53 | Due: 02/10/2025,invoice
"INBOX | ravi.lee@gmail.com → info@acme.com | 25/02/2024 | Schedule Change | Dear Sarah, I hope this email finds you well. We would like to schedule a call to discuss the upcoming deliverables. Please confirm receipt. Thanks, Sarah Lee | Sent from mobile",email
"From: ravi.kumar@outlook.com | To: manager@biz.net | Subject: Invoice Attached | Date: 27/12/2023 | Hi Priya, I wanted to follow up on our last discussion regarding the project timeline. Please let me know if you have any questions. Best regards, Anna Chen",email
"NON-DISCLOSURE AGREEMENT | Parties: Alpha Tech and Sarah Johnson | Date: 15/01/2024 | Purpose: data analytics services | Confidential Information includes trade secrets, business plans, financial data, and technical know-how. Obligations last 12 months after disclosure. Breach subject to injunctive relief and damages. Jurisdiction: Karnataka.",contract
"From: ravi.lee@company.com To: hr@corp.org CC: cc@work.net Date: 11/02/2023 Subject: Re: Invoice Attached | John, Thanks for your message. I am writing to inform you about the changes in the schedule. Looking forward to your response. Regards, John Smith | Bright Solutions | +91-8804930077",email
"From: ravi.lee@gmail.com To: team@biz.net CC: cc@work.net Date: 25/01/2025 Subject: Re: Request for Proposal | Anna, Thanks for your message. I am writing to inform you about the changes in the schedule. Looking forward to your response. Regards, Anna Chen | Sunrise Enterprises | +91-9954347827",email
"EMPLOYMENT CONTRACT | Employer: Alpha Tech | Employee: Chen Wei | Start: 08/06/2024 | Role: HR outsourcing | Compensation: $26,013 per annum | Benefits: health, dental, PTO. Notice Period: 90 days. Intellectual property created during employment belongs to employer. Non-compete: 6 months post-employment within Maharashtra.",contract
"NON-DISCLOSURE AGREEMENT | Parties: Pinnacle Group and John Smith | Date: 17/12/2023 | Purpose: HR outsourcing | Confidential Information includes trade secrets, business plans, financial data, and technical know-how. Obligations last 6 months after disclosure. Breach subject to injunctive relief and damages. Jurisdiction: California.",contract
"From: mike.smith@outlook.com | To: info@corp.org | Subject: Invoice Attached | Date: 01/05/2023 | Hi John, Please find attached the documents you requested for your review. Please let me know if you have any questions. Best regards, Ravi Kumar",email
"From: sarah.kumar@company.com To: hr@corp.org CC: cc@office.com Date: 25/08/2025 Subject: Re: Project Update | Sarah, Thanks for your message. We would like to schedule a call to discuss the upcoming deliverables. Looking forward to your response. Regards, Ravi Kumar | Blue Ridge Inc | +91-8378170698",email
BILL | From: CloudWorks | To: Bright Solutions | Invoice #INV-7237 | 05/02/2023 | Services rendered: Marketing Campaign | Hours: 34 | Rate: $1807.22/hr | Amount: $8976.19 | Taxes: $380.53 | Amount Due: $4737.82 | Due: 09/05/2025,invoice
QUARTERLY REPORT - Q4 2024 | Acme Corp | Prepared by: James Wilson | Executive Summary: The organization demonstrated strong performance across all key metrics. Revenue: $150.5M (+28.9% YoY). Key Highlights: Expanded to two new markets. Automated 40% of manual processes. Risks: Supply chain disruptions remain a concern. Outlook: Strong pipeline for next quarter. Appendix: Financial statements attached.,report
"SERVICE AGREEMENT between Alpha Tech ('Client') and Sarah Johnson ('Service Provider'). Effective Date: 01/10/2025. Term: 3 months. Scope: data analytics services. Fees: $46,394/month payable within 30 days. Confidentiality: Both parties agree to maintain strict confidentiality. Termination: Either party may terminate with 15 days notice. Governing Law: Delhi. Signatures required.",contract
TAX INVOICE from ProServices | Invoice No: INV-7223 | GSTIN: 28ABCDE7841Z5 | Customer: Sunrise Enterprises | Date: 16/09/2025 | Description: Consulting Services | Qty: 13 | Rate: $1128.96 | Amount: $18897.56 | GST: $1161.09 | Grand Total: $8648.71,invoice
"SERVICE AGREEMENT between Alpha Tech ('Client') and Sarah Johnson ('Service Provider'). Effective Date: 03/06/2025. Term: 6 months. Scope: IT consulting and software development. Fees: $28,913/month payable within 30 days. Confidentiality: Both parties agree to maintain strict confidentiality. Termination: Either party may terminate with 30 days notice. Governing Law: Delhi. Signatures required.",contract
"From: mike.kumar@outlook.com To: info@corp.org CC: cc@office.com Date: 12/03/2024 Subject: Re: Meeting Follow-up | Michael, Thanks for your message. Please find attached the documents you requested for your review. Looking forward to your response. Regards, Anna Chen | TechNova Ltd | +91-7479101035",email
ANNUAL PERFORMANCE REVIEW 2025 | Department: Sales | Manager: Anil Mehta | Overview: This period saw significant growth driven by new product launches. KPIs achieved: 90%. Budget utilization: 94%. Key Accomplishments: Expanded to two new markets. Areas for Improvement: Completed ISO certification. Recommendations: Regulatory compliance requirements increasing. Next Steps: Market expansion plans on track.,report
Invoice #INV-7511 | Bill To: Acme Corp | Date: 26/07/2023 | Due Date: 26/09/2025 | Item: Consulting Services x49 @ $963.25 | Subtotal: $10963.16 | Tax (18%): $1936.18 | Total Due: $24182.61 | Payment terms: Net 30 | Bank: HDFC Bank | Account: 383960237,invoice
"ANNUAL PERFORMANCE REVIEW 2024 | Department: Marketing | Manager: Anil Mehta | Overview: Despite market challenges, the team exceeded targets in most areas. KPIs achieved: 93%. Budget utilization: 93%. Key Accomplishments: Expanded to two new markets. Areas for Improvement: Deployed new CRM system. Recommendations: Regulatory compliance requirements increasing. Next Steps: Market expansion plans on track.",report
"From: sarah.lee@outlook.com | To: info@biz.net | Subject: Meeting Follow-up | Date: 12/10/2024 | Hi Ravi, I wanted to follow up on our last discussion regarding the project timeline. Please let me know if you have any questions. Best regards, Ravi Kumar",email
Invoice #INV-6517 | Bill To: Sunrise Enterprises | Date: 06/03/2025 | Due Date: 20/03/2025 | Item: Legal Services x34 @ $1039.99 | Subtotal: $12682.44 | Tax (18%): $1758.97 | Total Due: $1521.04 | Payment terms: Net 30 | Bank: SBI | Account: 927959968,invoice
TAX INVOICE from ZenSoft | Invoice No: INV-9897 | GSTIN: 11ABCDE4268Z1 | Customer: Bright Solutions | Date: 25/11/2023 | Description: Web Development | Qty: 20 | Rate: $122.12 | Amount: $6079.16 | GST: $973.13 | Grand Total: $13175.36,invoice
"EMPLOYMENT CONTRACT | Employer: Alpha Tech | Employee: Chen Wei | Start: 19/05/2023 | Role: data analytics services | Compensation: $37,986 per annum | Benefits: health, dental, PTO. Notice Period: 60 days. Intellectual property created during employment belongs to employer. Non-compete: 6 months post-employment within Maharashtra.",contract
Invoice #INV-5186 | Bill To: TechNova Ltd | Date: 06/03/2024 | Due Date: 04/01/2025 | Item: Consulting Services x50 @ $64.99 | Subtotal: $14221.59 | Tax (18%): $614.42 | Total Due: $3948.53 | Payment terms: Net 30 | Bank: Axis Bank | Account: 671855941,invoice
"From: anna.lee@gmail.com To: info@biz.net CC: cc@work.net Date: 15/11/2023 Subject: Re: Quarterly Review | Anna, Thanks for your message. I am writing to inform you about the changes in the schedule. Looking forward to your response. Regards, Ravi Kumar | TechNova Ltd | +91-9192342557",email
BILL | From: CloudWorks | To: Acme Corp | Invoice #INV-1502 | 15/06/2023 | Services rendered: Consulting Services | Hours: 48 | Rate: $1331.82/hr | Amount: $7716.04 | Taxes: $228.93 | Amount Due: $16049.40 | Due: 17/04/2025,invoice
"From: anna.kumar@outlook.com To: info@biz.net CC: cc@work.net Date: 21/08/2023 Subject: Re: Request for Proposal | Sarah, Thanks for your message. I am writing to inform you about the changes in the schedule. Looking forward to your response. Regards, Sarah Lee | Bright Solutions | +91-7298064202",email
"ANNUAL PERFORMANCE REVIEW 2024 | Department: Engineering | Manager: James Wilson | Overview: Despite market challenges, the team exceeded targets in most areas. KPIs achieved: 79%. Budget utilization: 84%. Key Accomplishments: Launched three new product lines. Areas for Improvement: Onboarded 50+ enterprise clients. Recommendations: Regulatory compliance requirements increasing. Next Steps: Strong pipeline for next quarter.",report
"RESEARCH REPORT | Title: Competitive Landscape Review | Author: Dr. Priya Sharma | Date: 07/05/2024 | Abstract: This period saw significant growth driven by new product launches. Methodology: Reduced operational costs by 15%. Findings: Automated 40% of manual processes. Conclusion: Supply chain disruptions remain a concern. Recommendations: Strong pipeline for next quarter. References: [1] Smith et al. (2023), Journal of Business Analytics [2] Kumar & Lee (2024), Int'l Review of Management",report
"From: john.kumar@outlook.com To: info@biz.net CC: cc@work.net Date: 26/08/2024 Subject: Re: Action Required | Priya, Thanks for your message. I am writing to inform you about the changes in the schedule. Looking forward to your response. Regards, Anna Chen | GlobalMart | +91-9409618453",email
"From: mike.smith@company.com To: hr@corp.org CC: cc@work.net Date: 03/12/2024 Subject: Re: Action Required | Priya, Thanks for your message. Could you please provide an update on the status of the pending items? Looking forward to your response. Regards, Sarah Lee | TechNova Ltd | +91-7851035458",email
"From: mike.smith@gmail.com To: info@biz.net CC: cc@work.net Date: 18/06/2024 Subject: Re: Meeting Follow-up | Michael, Thanks for your message. Could you please provide an update on the status of the pending items? Looking forward to your response. Regards, Ravi Kumar | Acme Corp | +91-9675528232",email
TAX INVOICE from NetEdge | Invoice No: INV-3705 | GSTIN: 34ABCDE3060Z3 | Customer: Sunrise Enterprises | Date: 14/04/2025 | Description: Legal Services | Qty: 31 | Rate: $1641.25 | Amount: $15227.67 | GST: $566.86 | Grand Total: $23703.11,invoice
"From: anna.smith@outlook.com To: support@corp.org CC: cc@office.com Date: 24/03/2023 Subject: Re: Schedule Change | Ravi, Thanks for your message. Could you please provide an update on the status of the pending items? Looking forward to your response. Regards, Anna Chen | TechNova Ltd | +91-8576737058",email
BILL | From: CloudWorks | To: Sunrise Enterprises | Invoice #INV-7882 | 23/03/2024 | Services rendered: Legal Services | Hours: 22 | Rate: $772.61/hr | Amount: $3934.67 | Taxes: $1653.55 | Amount Due: $908.71 | Due: 04/07/2025,invoice
BILL | From: NetEdge | To: GlobalMart | Invoice #INV-4978 | 26/01/2024 | Services rendered: Cloud Hosting | Hours: 46 | Rate: $1370.83/hr | Amount: $10888.53 | Taxes: $248.71 | Amount Due: $5439.25 | Due: 25/05/2024,invoice
Invoice #INV-3937 | Bill To: Blue Ridge Inc | Date: 07/10/2025 | Due Date: 04/09/2024 | Item: Legal Services x28 @ $1029.32 | Subtotal: $16396.68 | Tax (18%): $258.68 | Total Due: $20270.49 | Payment terms: Net 30 | Bank: SBI | Account: 371031968,invoice
ANNUAL PERFORMANCE REVIEW 2023 | Department: Finance | Manager: Anil Mehta | Overview: This period saw significant growth driven by new product launches. KPIs achieved: 87%. Budget utilization: 104%. Key Accomplishments: Reduced operational costs by 15%. Areas for Improvement: Onboarded 50+ enterprise clients. Recommendations: Supply chain disruptions remain a concern. Next Steps: Continued investment in R&D expected.,report
"RESEARCH REPORT | Title: Competitive Landscape Review | Author: Anil Mehta | Date: 26/02/2025 | Abstract: This period saw significant growth driven by new product launches. Methodology: Reduced operational costs by 15%. Findings: Deployed new CRM system. Conclusion: Supply chain disruptions remain a concern. Recommendations: Continued investment in R&D expected. References: [1] Smith et al. (2023), Journal of Business Analytics [2] Kumar & Lee (2024), Int'l Review of Management",report
"INBOX | mike.lee@gmail.com → manager@biz.net | 11/04/2024 | Schedule Change | Dear Ravi, I hope this email finds you well. I wanted to follow up on our last discussion regarding the project timeline. Please confirm receipt. Thanks, Sarah Lee | Sent from mobile",email
BILL | From: CloudWorks | To: TechNova Ltd | Invoice #INV-3230 | 11/03/2024 | Services rendered: Cloud Hosting | Hours: 22 | Rate: $790.79/hr | Amount: $19390.14 | Taxes: $635.85 | Amount Due: $11107.04 | Due: 20/12/2024,invoice
"From: john.smith@outlook.com To: team@biz.net CC: cc@office.com Date: 05/12/2024 Subject: Re: Request for Proposal | Michael, Thanks for your message. I am writing to inform you about the changes in the schedule. Looking forward to your response. Regards, Ravi Kumar | Acme Corp | +91-7639324232",email
"INBOX | mike.kumar@gmail.com → team@corp.org | 11/12/2025 | Action Required | Dear John, I hope this email finds you well. Please find attached the documents you requested for your review. Please confirm receipt. Thanks, Anna Chen | Sent from mobile",email
TAX INVOICE from ProServices | Invoice No: INV-4203 | GSTIN: 21ABCDE5123Z4 | Customer: Acme Corp | Date: 10/01/2024 | Description: Legal Services | Qty: 41 | Rate: $634.52 | Amount: $6978.24 | GST: $942.83 | Grand Total: $12697.58,invoice
ANNUAL PERFORMANCE REVIEW 2024 | Department: Operations | Manager: James Wilson | Overview: The organization demonstrated strong performance across all key metrics. KPIs achieved: 78%. Budget utilization: 93%. Key Accomplishments: Launched three new product lines. Areas for Improvement: Deployed new CRM system. Recommendations: Regulatory compliance requirements increasing. Next Steps: Strong pipeline for next quarter.,report
QUARTERLY REPORT - Q1 2025 | Acme Corp | Prepared by: Anil Mehta | Executive Summary: The organization demonstrated strong performance across all key metrics. Revenue: $247.5M (+19.8% YoY). Key Highlights: Improved customer satisfaction to 92%. Completed ISO certification. Risks: Supply chain disruptions remain a concern. Outlook: Strong pipeline for next quarter. Appendix: Financial statements attached.,report
"SERVICE AGREEMENT between Nexus Corp ('Client') and John Smith ('Service Provider'). Effective Date: 03/06/2025. Term: 24 months. Scope: data analytics services. Fees: $40,851/month payable within 30 days. Confidentiality: Both parties agree to maintain strict confidentiality. Termination: Either party may terminate with 30 days notice. Governing Law: California. Signatures required.",contract
QUARTERLY REPORT - Q1 2024 | GlobalMart | Prepared by: Dr. Priya Sharma | Executive Summary: The organization demonstrated strong performance across all key metrics. Revenue: $375.5M (+17.4% YoY). Key Highlights: Expanded to two new markets. Deployed new CRM system. Risks: Talent acquisition challenges persist. Outlook: Continued investment in R&D expected. Appendix: Financial statements attached.,report
"INBOX | anna.lee@outlook.com → support@corp.org | 05/11/2024 | Invoice Attached | Dear Anna, I hope this email finds you well. Please find attached the documents you requested for your review. Please confirm receipt. Thanks, Sarah Lee | Sent from mobile",email
Invoice #INV-6559 | Bill To: Blue Ridge Inc | Date: 18/08/2023 | Due Date: 04/04/2024 | Item: Software License x4 @ $1363.06 | Subtotal: $4078.02 | Tax (18%): $1611.16 | Total Due: $10423.96 | Payment terms: Net 30 | Bank: SBI | Account: 552991960,invoice
BILL | From: ProServices | To: TechNova Ltd | Invoice #INV-1750 | 28/02/2024 | Services rendered: Marketing Campaign | Hours: 13 | Rate: $1256.11/hr | Amount: $5920.49 | Taxes: $1339.46 | Amount Due: $17791.55 | Due: 25/05/2024,invoice
"EMPLOYMENT CONTRACT | Employer: Nexus Corp | Employee: Ravi Kumar | Start: 09/03/2023 | Role: IT consulting and software development | Compensation: $49,786 per annum | Benefits: health, dental, PTO. Notice Period: 30 days. Intellectual property created during employment belongs to employer. Non-compete: 12 months post-employment within Tamil Nadu.",contract
"EMPLOYMENT CONTRACT | Employer: Alpha Tech | Employee: John Smith | Start: 01/06/2024 | Role: marketing and brand management | Compensation: $24,327 per annum | Benefits: health, dental, PTO. Notice Period: 30 days. Intellectual property created during employment belongs to employer. Non-compete: 24 months post-employment within Maharashtra.",contract
"From: mike.lee@outlook.com To: hr@corp.org CC: cc@office.com Date: 21/11/2024 Subject: Re: Schedule Change | Ravi, Thanks for your message. I am writing to inform you about the changes in the schedule. Looking forward to your response. Regards, Ravi Kumar | Acme Corp | +91-8553745264",email
"From: ravi.jones@gmail.com | To: hr@biz.net | Subject: Project Update | Date: 19/04/2025 | Hi Ravi, Could you please provide an update on the status of the pending items? Please let me know if you have any questions. Best regards, Anna Chen",email
"EMPLOYMENT CONTRACT | Employer: Vertex Ltd | Employee: Maria Garcia | Start: 28/08/2023 | Role: data analytics services | Compensation: $45,669 per annum | Benefits: health, dental, PTO. Notice Period: 15 days. Intellectual property created during employment belongs to employer. Non-compete: 3 months post-employment within Tamil Nadu.",contract
"INBOX | mike.jones@company.com → info@biz.net | 04/07/2023 | Schedule Change | Dear Ravi, I hope this email finds you well. I wanted to follow up on our last discussion regarding the project timeline. Please confirm receipt. Thanks, John Smith | Sent from mobile",email
"From: ravi.lee@gmail.com To: support@corp.org CC: cc@work.net Date: 19/10/2024 Subject: Re: Request for Proposal | Ravi, Thanks for your message. Could you please provide an update on the status of the pending items? Looking forward to your response. Regards, Sarah Lee | GlobalMart | +91-9321791292",email
ANNUAL PERFORMANCE REVIEW 2024 | Department: Engineering | Manager: Anil Mehta | Overview: The organization demonstrated strong performance across all key metrics. KPIs achieved: 90%. Budget utilization: 95%. Key Accomplishments: Improved customer satisfaction to 92%. Areas for Improvement: Deployed new CRM system. Recommendations: Talent acquisition challenges persist. Next Steps: Strong pipeline for next quarter.,report
"QUARTERLY REPORT - Q3 2023 | Bright Solutions | Prepared by: Dr. Priya Sharma | Executive Summary: Despite market challenges, the team exceeded targets in most areas. Revenue: $410.0M (+18.8% YoY). Key Highlights: Launched three new product lines. Completed ISO certification. Risks: Talent acquisition challenges persist. Outlook: Continued investment in R&D expected. Appendix: Financial statements attached.",report
"EMPLOYMENT CONTRACT | Employer: Pinnacle Group | Employee: John Smith | Start: 25/11/2023 | Role: financial advisory | Compensation: $11,385 per annum | Benefits: health, dental, PTO. Notice Period: 90 days. Intellectual property created during employment belongs to employer. Non-compete: 12 months post-employment within Maharashtra.",contract
"INBOX | ravi.smith@gmail.com → hr@corp.org | 08/07/2025 | Invoice Attached | Dear Anna, I hope this email finds you well. We would like to schedule a call to discuss the upcoming deliverables. Please confirm receipt. Thanks, Anna Chen | Sent from mobile",email
BILL | From: ProServices | To: TechNova Ltd | Invoice #INV-2743 | 12/03/2025 | Services rendered: Marketing Campaign | Hours: 49 | Rate: $1757.91/hr | Amount: $19093.25 | Taxes: $1747.51 | Amount Due: $4959.11 | Due: 10/11/2024,invoice
"EMPLOYMENT CONTRACT | Employer: Vertex Ltd | Employee: Maria Garcia | Start: 24/07/2025 | Role: IT consulting and software development | Compensation: $15,322 per annum | Benefits: health, dental, PTO. Notice Period: 60 days. Intellectual property created during employment belongs to employer. Non-compete: 12 months post-employment within Delhi.",contract
Invoice #INV-5325 | Bill To: Sunrise Enterprises | Date: 27/05/2023 | Due Date: 09/01/2024 | Item: Consulting Services x46 @ $581.08 | Subtotal: $7004.35 | Tax (18%): $1035.55 | Total Due: $8966.28 | Payment terms: Net 30 | Bank: Axis Bank | Account: 103807155,invoice
"SERVICE AGREEMENT between Vertex Ltd ('Client') and Maria Garcia ('Service Provider'). Effective Date: 24/06/2024. Term: 6 months. Scope: IT consulting and software development. Fees: $32,279/month payable within 30 days. Confidentiality: Both parties agree to maintain strict confidentiality. Termination: Either party may terminate with 90 days notice. Governing Law: Maharashtra. Signatures required.",contract
"From: john.smith@outlook.com | To: manager@biz.net | Subject: Quarterly Review | Date: 07/07/2024 | Hi Anna, We would like to schedule a call to discuss the upcoming deliverables. Please let me know if you have any questions. Best regards, Ravi Kumar",email
QUARTERLY REPORT - Q2 2025 | GlobalMart | Prepared by: Lisa Park | Executive Summary: The organization demonstrated strong performance across all key metrics. Revenue: $233.2M (+28.9% YoY). Key Highlights: Reduced operational costs by 15%. Onboarded 50+ enterprise clients. Risks: Talent acquisition challenges persist. Outlook: Market expansion plans on track. Appendix: Financial statements attached.,report
"QUARTERLY REPORT - Q2 2024 | Blue Ridge Inc | Prepared by: James Wilson | Executive Summary: Despite market challenges, the team exceeded targets in most areas. Revenue: $292.4M (+9.8% YoY). Key Highlights: Expanded to two new markets. Automated 40% of manual processes. Risks: Talent acquisition challenges persist. Outlook: Strong pipeline for next quarter. Appendix: Financial statements attached.",report
ANNUAL PERFORMANCE REVIEW 2025 | Department: Operations | Manager: Lisa Park | Overview: This period saw significant growth driven by new product launches. KPIs achieved: 82%. Budget utilization: 80%. Key Accomplishments: Reduced operational costs by 15%. Areas for Improvement: Completed ISO certification. Recommendations: Talent acquisition challenges persist. Next Steps: Continued investment in R&D expected.,report
"EMPLOYMENT CONTRACT | Employer: Alpha Tech | Employee: Chen Wei | Start: 18/05/2023 | Role: financial advisory | Compensation: $23,291 per annum | Benefits: health, dental, PTO. Notice Period: 15 days. Intellectual property created during employment belongs to employer. Non-compete: 24 months post-employment within Karnataka.",contract
ANNUAL PERFORMANCE REVIEW 2024 | Department: Sales | Manager: James Wilson | Overview: This period saw significant growth driven by new product launches. KPIs achieved: 76%. Budget utilization: 85%. Key Accomplishments: Expanded to two new markets. Areas for Improvement: Onboarded 50+ enterprise clients. Recommendations: Talent acquisition challenges persist. Next Steps: Strong pipeline for next quarter.,report
"SERVICE AGREEMENT between Nexus Corp ('Client') and Chen Wei ('Service Provider'). Effective Date: 08/07/2023. Term: 24 months. Scope: data analytics services. Fees: $9,641/month payable within 30 days. Confidentiality: Both parties agree to maintain strict confidentiality. Termination: Either party may terminate with 15 days notice. Governing Law: Maharashtra. Signatures required.",contract
"SERVICE AGREEMENT between Vertex Ltd ('Client') and John Smith ('Service Provider'). Effective Date: 15/01/2023. Term: 3 months. Scope: HR outsourcing. Fees: $7,798/month payable within 30 days. Confidentiality: Both parties agree to maintain strict confidentiality. Termination: Either party may terminate with 30 days notice. Governing Law: California. Signatures required.",contract
BILL | From: NetEdge | To: Blue Ridge Inc | Invoice #INV-1693 | 14/10/2024 | Services rendered: Web Development | Hours: 5 | Rate: $1139.51/hr | Amount: $14335.23 | Taxes: $900.63 | Amount Due: $10288.54 | Due: 15/02/2025,invoice
"INBOX | anna.lee@company.com → team@biz.net | 18/04/2023 | Action Required | Dear Anna, I hope this email finds you well. I am writing to inform you about the changes in the schedule. Please confirm receipt. Thanks, John Smith | Sent from mobile",email
"NON-DISCLOSURE AGREEMENT | Parties: Nexus Corp and Sarah Johnson | Date: 03/05/2023 | Purpose: financial advisory | Confidential Information includes trade secrets, business plans, financial data, and technical know-how. Obligations last 3 months after disclosure. Breach subject to injunctive relief and damages. Jurisdiction: California.",contract
"From: mike.smith@outlook.com | To: manager@corp.org | Subject: Project Update | Date: 20/02/2025 | Hi Anna, Please find attached the documents you requested for your review. Please let me know if you have any questions. Best regards, Anna Chen",email
"EMPLOYMENT CONTRACT | Employer: Vertex Ltd | Employee: Chen Wei | Start: 07/08/2024 | Role: data analytics services | Compensation: $21,514 per annum | Benefits: health, dental, PTO. Notice Period: 90 days. Intellectual property created during employment belongs to employer. Non-compete: 24 months post-employment within California.",contract
Invoice #INV-8460 | Bill To: Blue Ridge Inc | Date: 04/08/2025 | Due Date: 17/08/2025 | Item: Consulting Services x23 @ $276.34 | Subtotal: $9322.72 | Tax (18%): $1579.33 | Total Due: $8210.12 | Payment terms: Net 30 | Bank: Axis Bank | Account: 848143863,invoice
QUARTERLY REPORT - Q4 2024 | Acme Corp | Prepared by: Dr. Priya Sharma | Executive Summary: The organization demonstrated strong performance across all key metrics. Revenue: $301.2M (+24.1% YoY). Key Highlights: Expanded to two new markets. Deployed new CRM system. Risks: Talent acquisition challenges persist. Outlook: Continued investment in R&D expected. Appendix: Financial statements attached.,report
"EMPLOYMENT CONTRACT | Employer: Summit Inc | Employee: Ravi Kumar | Start: 27/10/2024 | Role: data analytics services | Compensation: $40,252 per annum | Benefits: health, dental, PTO. Notice Period: 60 days. Intellectual property created during employment belongs to employer. Non-compete: 3 months post-employment within Delhi.",contract
BILL | From: ProServices | To: Sunrise Enterprises | Invoice #INV-2943 | 27/01/2023 | Services rendered: Consulting Services | Hours: 42 | Rate: $1930.08/hr | Amount: $19580.57 | Taxes: $398.02 | Amount Due: $21590.99 | Due: 18/07/2024,invoice
TAX INVOICE from NetEdge | Invoice No: INV-4830 | GSTIN: 31ABCDE5295Z7 | Customer: Blue Ridge Inc | Date: 18/06/2025 | Description: Legal Services | Qty: 24 | Rate: $768.74 | Amount: $4816.66 | GST: $969.38 | Grand Total: $3243.64,invoice
"From: ravi.kumar@outlook.com | To: support@acme.com | Subject: Project Update | Date: 24/01/2023 | Hi Ravi, I wanted to follow up on our last discussion regarding the project timeline. Please let me know if you have any questions. Best regards, John Smith",email
"RESEARCH REPORT | Title: Competitive Landscape Review | Author: James Wilson | Date: 28/12/2024 | Abstract: The organization demonstrated strong performance across all key metrics. Methodology: Improved customer satisfaction to 92%. Findings: Deployed new CRM system. Conclusion: Talent acquisition challenges persist. Recommendations: Strong pipeline for next quarter. References: [1] Smith et al. (2023), Journal of Business Analytics [2] Kumar & Lee (2024), Int'l Review of Management",report
"EMPLOYMENT CONTRACT | Employer: Summit Inc | Employee: Maria Garcia | Start: 10/12/2025 | Role: HR outsourcing | Compensation: $9,300 per annum | Benefits: health, dental, PTO. Notice Period: 60 days. Intellectual property created during employment belongs to employer. Non-compete: 3 months post-employment within Delhi.",contract
TAX INVOICE from ZenSoft | Invoice No: INV-3950 | GSTIN: 14ABCDE5000Z9 | Customer: GlobalMart | Date: 20/07/2025 | Description: Cloud Hosting | Qty: 37 | Rate: $749.00 | Amount: $13821.12 | GST: $381.47 | Grand Total: $17235.93,invoice
"INBOX | mike.jones@outlook.com → team@biz.net | 18/01/2024 | Action Required | Dear Anna, I hope this email finds you well. I wanted to follow up on our last discussion regarding the project timeline. Please confirm receipt. Thanks, Ravi Kumar | Sent from mobile",email
BILL | From: DataBridge | To: GlobalMart | Invoice #INV-6700 | 20/10/2023 | Services rendered: Marketing Campaign | Hours: 26 | Rate: $661.14/hr | Amount: $13606.15 | Taxes: $736.37 | Amount Due: $14922.92 | Due: 15/10/2024,invoice
"SERVICE AGREEMENT between Pinnacle Group ('Client') and Maria Garcia ('Service Provider'). Effective Date: 19/10/2025. Term: 3 months. Scope: financial advisory. Fees: $14,712/month payable within 30 days. Confidentiality: Both parties agree to maintain strict confidentiality. Termination: Either party may terminate with 90 days notice. Governing Law: Maharashtra. Signatures required.",contract
"NON-DISCLOSURE AGREEMENT | Parties: Summit Inc and Sarah Johnson | Date: 09/02/2023 | Purpose: data analytics services | Confidential Information includes trade secrets, business plans, financial data, and technical know-how. Obligations last 3 months after disclosure. Breach subject to injunctive relief and damages. Jurisdiction: Maharashtra.",contract
BILL | From: DataBridge | To: Blue Ridge Inc | Invoice #INV-5381 | 12/01/2023 | Services rendered: Marketing Campaign | Hours: 2 | Rate: $1246.47/hr | Amount: $17462.32 | Taxes: $106.46 | Amount Due: $15459.48 | Due: 09/12/2025,invoice
QUARTERLY REPORT - Q4 2025 | Bright Solutions | Prepared by: Lisa Park | Executive Summary: The organization demonstrated strong performance across all key metrics. Revenue: $202.8M (+8.5% YoY). Key Highlights: Launched three new product lines. Automated 40% of manual processes. Risks: Talent acquisition challenges persist. Outlook: Strong pipeline for next quarter. Appendix: Financial statements attached.,report
BILL | From: ZenSoft | To: Blue Ridge Inc | Invoice #INV-6776 | 22/11/2024 | Services rendered: Cloud Hosting | Hours: 23 | Rate: $880.93/hr | Amount: $7584.57 | Taxes: $1248.96 | Amount Due: $11509.96 | Due: 14/05/2024,invoice
BILL | From: ProServices | To: Blue Ridge Inc | Invoice #INV-9234 | 22/10/2025 | Services rendered: Web Development | Hours: 40 | Rate: $585.18/hr | Amount: $18089.02 | Taxes: $1299.93 | Amount Due: $13616.86 | Due: 19/10/2024,invoice
"RESEARCH REPORT | Title: Market Analysis 2024 | Author: Anil Mehta | Date: 04/01/2023 | Abstract: This period saw significant growth driven by new product launches. Methodology: Launched three new product lines. Findings: Deployed new CRM system. Conclusion: Supply chain disruptions remain a concern. Recommendations: Market expansion plans on track. References: [1] Smith et al. (2023), Journal of Business Analytics [2] Kumar & Lee (2024), Int'l Review of Management",report
"NON-DISCLOSURE AGREEMENT | Parties: Vertex Ltd and Maria Garcia | Date: 22/09/2025 | Purpose: IT consulting and software development | Confidential Information includes trade secrets, business plans, financial data, and technical know-how. Obligations last 6 months after disclosure. Breach subject to injunctive relief and damages. Jurisdiction: Delhi.",contract
"NON-DISCLOSURE AGREEMENT | Parties: Alpha Tech and Chen Wei | Date: 22/07/2023 | Purpose: HR outsourcing | Confidential Information includes trade secrets, business plans, financial data, and technical know-how. Obligations last 24 months after disclosure. Breach subject to injunctive relief and damages. Jurisdiction: Tamil Nadu.",contract
BILL | From: ZenSoft | To: Blue Ridge Inc | Invoice #INV-2679 | 01/02/2023 | Services rendered: Web Development | Hours: 16 | Rate: $267.10/hr | Amount: $5036.89 | Taxes: $1369.56 | Amount Due: $6046.34 | Due: 18/02/2025,invoice
"RESEARCH REPORT | Title: Technology Adoption Report | Author: Anil Mehta | Date: 13/07/2025 | Abstract: Despite market challenges, the team exceeded targets in most areas. Methodology: Launched three new product lines. Findings: Deployed new CRM system. Conclusion: Talent acquisition challenges persist. Recommendations: Market expansion plans on track. References: [1] Smith et al. (2023), Journal of Business Analytics [2] Kumar & Lee (2024), Int'l Review of Management",report
ANNUAL PERFORMANCE REVIEW 2023 | Department: Finance | Manager: Lisa Park | Overview: The organization demonstrated strong performance across all key metrics. KPIs achieved: 104%. Budget utilization: 101%. Key Accomplishments: Launched three new product lines. Areas for Improvement: Deployed new CRM system. Recommendations: Regulatory compliance requirements increasing. Next Steps: Continued investment in R&D expected.,report
"QUARTERLY REPORT - Q3 2025 | GlobalMart | Prepared by: Anil Mehta | Executive Summary: Despite market challenges, the team exceeded targets in most areas. Revenue: $369.6M (+12.5% YoY). Key Highlights: Expanded to two new markets. Deployed new CRM system. Risks: Talent acquisition challenges persist. Outlook: Strong pipeline for next quarter. Appendix: Financial statements attached.",report
"From: john.jones@gmail.com | To: manager@acme.com | Subject: Project Update | Date: 17/10/2024 | Hi Anna, I am writing to inform you about the changes in the schedule. Please let me know if you have any questions. Best regards, Sarah Lee",email
"SERVICE AGREEMENT between Nexus Corp ('Client') and Maria Garcia ('Service Provider'). Effective Date: 08/01/2024. Term: 6 months. Scope: financial advisory. Fees: $8,776/month payable within 30 days. Confidentiality: Both parties agree to maintain strict confidentiality. Termination: Either party may terminate with 15 days notice. Governing Law: Maharashtra. Signatures required.",contract
ANNUAL PERFORMANCE REVIEW 2024 | Department: Sales | Manager: Dr. Priya Sharma | Overview: This period saw significant growth driven by new product launches. KPIs achieved: 82%. Budget utilization: 88%. Key Accomplishments: Improved customer satisfaction to 92%. Areas for Improvement: Completed ISO certification. Recommendations: Talent acquisition challenges persist. Next Steps: Continued investment in R&D expected.,report
BILL | From: DataBridge | To: Acme Corp | Invoice #INV-3956 | 22/05/2024 | Services rendered: Legal Services | Hours: 28 | Rate: $570.11/hr | Amount: $9195.36 | Taxes: $1113.68 | Amount Due: $2525.82 | Due: 11/02/2024,invoice
"EMPLOYMENT CONTRACT | Employer: Summit Inc | Employee: John Smith | Start: 05/11/2024 | Role: data analytics services | Compensation: $38,123 per annum | Benefits: health, dental, PTO. Notice Period: 90 days. Intellectual property created during employment belongs to employer. Non-compete: 3 months post-employment within Maharashtra.",contract
"RESEARCH REPORT | Title: Market Analysis 2024 | Author: Lisa Park | Date: 07/04/2024 | Abstract: This period saw significant growth driven by new product launches. Methodology: Improved customer satisfaction to 92%. Findings: Automated 40% of manual processes. Conclusion: Supply chain disruptions remain a concern. Recommendations: Strong pipeline for next quarter. References: [1] Smith et al. (2023), Journal of Business Analytics [2] Kumar & Lee (2024), Int'l Review of Management",report
"From: sarah.kumar@outlook.com To: team@biz.net CC: cc@office.com Date: 08/05/2023 Subject: Re: Request for Proposal | Michael, Thanks for your message. I am writing to inform you about the changes in the schedule. Looking forward to your response. Regards, Anna Chen | Sunrise Enterprises | +91-8695447268",email
"INBOX | mike.lee@gmail.com → support@corp.org | 25/09/2023 | Meeting Follow-up | Dear Ravi, I hope this email finds you well. Could you please provide an update on the status of the pending items? Please confirm receipt. Thanks, Anna Chen | Sent from mobile",email
"SERVICE AGREEMENT between Alpha Tech ('Client') and Chen Wei ('Service Provider'). Effective Date: 12/01/2024. Term: 6 months. Scope: HR outsourcing. Fees: $22,601/month payable within 30 days. Confidentiality: Both parties agree to maintain strict confidentiality. Termination: Either party may terminate with 60 days notice. Governing Law: Tamil Nadu. Signatures required.",contract
"NON-DISCLOSURE AGREEMENT | Parties: Nexus Corp and Sarah Johnson | Date: 20/01/2023 | Purpose: data analytics services | Confidential Information includes trade secrets, business plans, financial data, and technical know-how. Obligations last 24 months after disclosure. Breach subject to injunctive relief and damages. Jurisdiction: Karnataka.",contract
"INBOX | sarah.lee@company.com → manager@corp.org | 24/04/2025 | Request for Proposal | Dear Sarah, I hope this email finds you well. Please find attached the documents you requested for your review. Please confirm receipt. Thanks, Anna Chen | Sent from mobile",email
TAX INVOICE from ProServices | Invoice No: INV-9901 | GSTIN: 19ABCDE2758Z6 | Customer: Acme Corp | Date: 28/09/2024 | Description: Web Development | Qty: 30 | Rate: $1759.65 | Amount: $5820.32 | GST: $1072.42 | Grand Total: $24734.03,invoice
QUARTERLY REPORT - Q3 2024 | TechNova Ltd | Prepared by: Dr. Priya Sharma | Executive Summary: The organization demonstrated strong performance across all key metrics. Revenue: $299.3M (+18.8% YoY). Key Highlights: Expanded to two new markets. Onboarded 50+ enterprise clients. Risks: Talent acquisition challenges persist. Outlook: Continued investment in R&D expected. Appendix: Financial statements attached.,report
ANNUAL PERFORMANCE REVIEW 2023 | Department: Marketing | Manager: Lisa Park | Overview: The organization demonstrated strong performance across all key metrics. KPIs achieved: 77%. Budget utilization: 85%. Key Accomplishments: Reduced operational costs by 15%. Areas for Improvement: Completed ISO certification. Recommendations: Talent acquisition challenges persist. Next Steps: Strong pipeline for next quarter.,report
"RESEARCH REPORT | Title: Competitive Landscape Review | Author: Dr. Priya Sharma | Date: 21/11/2023 | Abstract: This period saw significant growth driven by new product launches. Methodology: Launched three new product lines. Findings: Deployed new CRM system. Conclusion: Regulatory compliance requirements increasing. Recommendations: Continued investment in R&D expected. References: [1] Smith et al. (2023), Journal of Business Analytics [2] Kumar & Lee (2024), Int'l Review of Management",report
"From: mike.kumar@gmail.com | To: hr@acme.com | Subject: Project Update | Date: 14/08/2023 | Hi John, Could you please provide an update on the status of the pending items? Please let me know if you have any questions. Best regards, John Smith",email
"EMPLOYMENT CONTRACT | Employer: Summit Inc | Employee: Sarah Johnson | Start: 06/07/2025 | Role: financial advisory | Compensation: $42,366 per annum | Benefits: health, dental, PTO. Notice Period: 60 days. Intellectual property created during employment belongs to employer. Non-compete: 12 months post-employment within Delhi.",contract
"EMPLOYMENT CONTRACT | Employer: Pinnacle Group | Employee: Maria Garcia | Start: 07/04/2023 | Role: financial advisory | Compensation: $15,955 per annum | Benefits: health, dental, PTO. Notice Period: 30 days. Intellectual property created during employment belongs to employer. Non-compete: 3 months post-employment within Maharashtra.",contract
"From: ravi.smith@gmail.com To: info@biz.net CC: cc@work.net Date: 15/03/2025 Subject: Re: Request for Proposal | Sarah, Thanks for your message. We would like to schedule a call to discuss the upcoming deliverables. Looking forward to your response. Regards, Ravi Kumar | Bright Solutions | +91-8597308268",email
"NON-DISCLOSURE AGREEMENT | Parties: Vertex Ltd and John Smith | Date: 26/02/2024 | Purpose: IT consulting and software development | Confidential Information includes trade secrets, business plans, financial data, and technical know-how. Obligations last 3 months after disclosure. Breach subject to injunctive relief and damages. Jurisdiction: Karnataka.",contract
"SERVICE AGREEMENT between Vertex Ltd ('Client') and Maria Garcia ('Service Provider'). Effective Date: 10/05/2024. Term: 3 months. Scope: IT consulting and software development. Fees: $34,933/month payable within 30 days. Confidentiality: Both parties agree to maintain strict confidentiality. Termination: Either party may terminate with 15 days notice. Governing Law: Maharashtra. Signatures required.",contract
"From: anna.jones@outlook.com | To: team@corp.org | Subject: Invoice Attached | Date: 04/11/2024 | Hi Ravi, Could you please provide an update on the status of the pending items? Please let me know if you have any questions. Best regards, John Smith",email
BILL | From: NetEdge | To: TechNova Ltd | Invoice #INV-4130 | 25/04/2025 | Services rendered: Marketing Campaign | Hours: 1 | Rate: $1417.31/hr | Amount: $9783.82 | Taxes: $216.95 | Amount Due: $13205.70 | Due: 24/07/2025,invoice
"EMPLOYMENT CONTRACT | Employer: Pinnacle Group | Employee: Ravi Kumar | Start: 03/02/2023 | Role: IT consulting and software development | Compensation: $7,482 per annum | Benefits: health, dental, PTO. Notice Period: 30 days. Intellectual property created during employment belongs to employer. Non-compete: 3 months post-employment within Karnataka.",contract
"NON-DISCLOSURE AGREEMENT | Parties: Pinnacle Group and Sarah Johnson | Date: 01/09/2023 | Purpose: data analytics services | Confidential Information includes trade secrets, business plans, financial data, and technical know-how. Obligations last 24 months after disclosure. Breach subject to injunctive relief and damages. Jurisdiction: Delhi.",contract
"From: anna.kumar@outlook.com To: info@corp.org CC: cc@office.com Date: 17/06/2025 Subject: Re: Schedule Change | Priya, Thanks for your message. Could you please provide an update on the status of the pending items? Looking forward to your response. Regards, Sarah Lee | Blue Ridge Inc | +91-8679992638",email
"SERVICE AGREEMENT between Alpha Tech ('Client') and Ravi Kumar ('Service Provider'). Effective Date: 21/10/2024. Term: 24 months. Scope: data analytics services. Fees: $48,386/month payable within 30 days. Confidentiality: Both parties agree to maintain strict confidentiality. Termination: Either party may terminate with 15 days notice. Governing Law: Karnataka. Signatures required.",contract
Invoice #INV-6302 | Bill To: Sunrise Enterprises | Date: 22/02/2023 | Due Date: 10/05/2025 | Item: Web Development x39 @ $1161.64 | Subtotal: $15820.98 | Tax (18%): $1959.05 | Total Due: $13745.95 | Payment terms: Net 30 | Bank: Citibank | Account: 905407446,invoice
"ANNUAL PERFORMANCE REVIEW 2024 | Department: Sales | Manager: Dr. Priya Sharma | Overview: Despite market challenges, the team exceeded targets in most areas. KPIs achieved: 79%. Budget utilization: 95%. Key Accomplishments: Launched three new product lines. Areas for Improvement: Completed ISO certification. Recommendations: Supply chain disruptions remain a concern. Next Steps: Continued investment in R&D expected.",report
"RESEARCH REPORT | Title: Market Analysis 2024 | Author: Dr. Priya Sharma | Date: 18/04/2024 | Abstract: The organization demonstrated strong performance across all key metrics. Methodology: Reduced operational costs by 15%. Findings: Deployed new CRM system. Conclusion: Regulatory compliance requirements increasing. Recommendations: Strong pipeline for next quarter. References: [1] Smith et al. (2023), Journal of Business Analytics [2] Kumar & Lee (2024), Int'l Review of Management",report
TAX INVOICE from NetEdge | Invoice No: INV-5469 | GSTIN: 32ABCDE9452Z2 | Customer: Acme Corp | Date: 05/07/2023 | Description: Web Development | Qty: 6 | Rate: $1131.35 | Amount: $18955.06 | GST: $926.17 | Grand Total: $19220.05,invoice
BILL | From: DataBridge | To: Acme Corp | Invoice #INV-9167 | 18/03/2024 | Services rendered: Consulting Services | Hours: 34 | Rate: $950.85/hr | Amount: $9043.26 | Taxes: $1269.55 | Amount Due: $9427.42 | Due: 25/01/2024,invoice
"From: sarah.smith@gmail.com | To: info@corp.org | Subject: Quarterly Review | Date: 16/11/2023 | Hi Michael, I wanted to follow up on our last discussion regarding the project timeline. Please let me know if you have any questions. Best regards, John Smith",email
"From: anna.kumar@gmail.com | To: support@biz.net | Subject: Schedule Change | Date: 19/11/2023 | Hi Michael, Could you please provide an update on the status of the pending items? Please let me know if you have any questions. Best regards, Sarah Lee",email
Invoice #INV-3600 | Bill To: GlobalMart | Date: 22/10/2023 | Due Date: 10/07/2025 | Item: Cloud Hosting x34 @ $533.10 | Subtotal: $12802.29 | Tax (18%): $759.60 | Total Due: $13355.05 | Payment terms: Net 30 | Bank: ICICI | Account: 947425963,invoice
"From: ravi.kumar@gmail.com | To: hr@acme.com | Subject: Schedule Change | Date: 02/11/2024 | Hi John, Please find attached the documents you requested for your review. Please let me know if you have any questions. Best regards, Sarah Lee",email
"RESEARCH REPORT | Title: Technology Adoption Report | Author: Anil Mehta | Date: 14/11/2025 | Abstract: The organization demonstrated strong performance across all key metrics. Methodology: Improved customer satisfaction to 92%. Findings: Onboarded 50+ enterprise clients. Conclusion: Talent acquisition challenges persist. Recommendations: Strong pipeline for next quarter. References: [1] Smith et al. (2023), Journal of Business Analytics [2] Kumar & Lee (2024), Int'l Review of Management",report
"From: ravi.jones@outlook.com | To: manager@acme.com | Subject: Schedule Change | Date: 22/12/2025 | Hi Michael, We would like to schedule a call to discuss the upcoming deliverables. Please let me know if you have any questions. Best regards, Ravi Kumar",email
QUARTERLY REPORT - Q4 2023 | Blue Ridge Inc | Prepared by: James Wilson | Executive Summary: This period saw significant growth driven by new product launches. Revenue: $233.5M (+17.9% YoY). Key Highlights: Expanded to two new markets. Completed ISO certification. Risks: Supply chain disruptions remain a concern. Outlook: Continued investment in R&D expected. Appendix: Financial statements attached.,report
TAX INVOICE from NetEdge | Invoice No: INV-7437 | GSTIN: 25ABCDE4971Z6 | Customer: Blue Ridge Inc | Date: 07/10/2025 | Description: Cloud Hosting | Qty: 18 | Rate: $1483.01 | Amount: $4008.58 | GST: $761.78 | Grand Total: $20522.47,invoice
"NON-DISCLOSURE AGREEMENT | Parties: Summit Inc and John Smith | Date: 22/02/2025 | Purpose: data analytics services | Confidential Information includes trade secrets, business plans, financial data, and technical know-how. Obligations last 3 months after disclosure. Breach subject to injunctive relief and damages. Jurisdiction: Maharashtra.",contract
"From: ravi.smith@gmail.com To: manager@biz.net CC: cc@office.com Date: 03/11/2025 Subject: Re: Schedule Change | John, Thanks for your message. Please find attached the documents you requested for your review. Looking forward to your response. Regards, Anna Chen | Blue Ridge Inc | +91-7665685329",email
"From: mike.jones@gmail.com To: support@corp.org CC: cc@work.net Date: 08/07/2025 Subject: Re: Meeting Follow-up | Priya, Thanks for your message. We would like to schedule a call to discuss the upcoming deliverables. Looking forward to your response. Regards, John Smith | Sunrise Enterprises | +91-7003622015",email
"RESEARCH REPORT | Title: Competitive Landscape Review | Author: Dr. Priya Sharma | Date: 01/01/2024 | Abstract: Despite market challenges, the team exceeded targets in most areas. Methodology: Launched three new product lines. Findings: Completed ISO certification. Conclusion: Talent acquisition challenges persist. Recommendations: Continued investment in R&D expected. References: [1] Smith et al. (2023), Journal of Business Analytics [2] Kumar & Lee (2024), Int'l Review of Management",report
BILL | From: ZenSoft | To: Bright Solutions | Invoice #INV-2341 | 19/02/2023 | Services rendered: Legal Services | Hours: 49 | Rate: $1659.93/hr | Amount: $16661.09 | Taxes: $1074.74 | Amount Due: $15137.87 | Due: 17/12/2025,invoice
Invoice #INV-3697 | Bill To: Acme Corp | Date: 10/02/2024 | Due Date: 23/04/2025 | Item: Software License x34 @ $893.61 | Subtotal: $12883.61 | Tax (18%): $365.84 | Total Due: $4333.58 | Payment terms: Net 30 | Bank: Citibank | Account: 310777576,invoice
"QUARTERLY REPORT - Q1 2025 | Sunrise Enterprises | Prepared by: James Wilson | Executive Summary: Despite market challenges, the team exceeded targets in most areas. Revenue: $34.4M (+29.1% YoY). Key Highlights: Reduced operational costs by 15%. Completed ISO certification. Risks: Supply chain disruptions remain a concern. Outlook: Continued investment in R&D expected. Appendix: Financial statements attached.",report
"ANNUAL PERFORMANCE REVIEW 2025 | Department: Finance | Manager: Dr. Priya Sharma | Overview: Despite market challenges, the team exceeded targets in most areas. KPIs achieved: 94%. Budget utilization: 82%. Key Accomplishments: Launched three new product lines. Areas for Improvement: Onboarded 50+ enterprise clients. Recommendations: Talent acquisition challenges persist. Next Steps: Strong pipeline for next quarter.",report
Invoice #INV-2791 | Bill To: Blue Ridge Inc | Date: 06/09/2023 | Due Date: 06/12/2024 | Item: Software License x2 @ $635.51 | Subtotal: $11417.05 | Tax (18%): $1370.42 | Total Due: $21319.99 | Payment terms: Net 30 | Bank: Citibank | Account: 455397438,invoice
"From: anna.kumar@outlook.com | To: hr@acme.com | Subject: Action Required | Date: 15/04/2025 | Hi John, We would like to schedule a call to discuss the upcoming deliverables. Please let me know if you have any questions. Best regards, Sarah Lee",email
BILL | From: ZenSoft | To: Acme Corp | Invoice #INV-3068 | 19/05/2024 | Services rendered: Software License | Hours: 36 | Rate: $296.84/hr | Amount: $9834.93 | Taxes: $1293.85 | Amount Due: $7728.13 | Due: 25/08/2024,invoice
"INBOX | ravi.smith@gmail.com → info@corp.org | 26/06/2023 | Quarterly Review | Dear John, I hope this email finds you well. Could you please provide an update on the status of the pending items? Please confirm receipt. Thanks, Ravi Kumar | Sent from mobile",email
"RESEARCH REPORT | Title: Competitive Landscape Review | Author: Anil Mehta | Date: 16/05/2025 | Abstract: This period saw significant growth driven by new product launches. Methodology: Expanded to two new markets. Findings: Deployed new CRM system. Conclusion: Regulatory compliance requirements increasing. Recommendations: Continued investment in R&D expected. References: [1] Smith et al. (2023), Journal of Business Analytics [2] Kumar & Lee (2024), Int'l Review of Management",report
"From: ravi.jones@company.com | To: manager@corp.org | Subject: Quarterly Review | Date: 27/03/2023 | Hi Priya, Could you please provide an update on the status of the pending items? Please let me know if you have any questions. Best regards, John Smith",email
"NON-DISCLOSURE AGREEMENT | Parties: Alpha Tech and Chen Wei | Date: 24/11/2023 | Purpose: HR outsourcing | Confidential Information includes trade secrets, business plans, financial data, and technical know-how. Obligations last 12 months after disclosure. Breach subject to injunctive relief and damages. Jurisdiction: Maharashtra.",contract
"SERVICE AGREEMENT between Pinnacle Group ('Client') and John Smith ('Service Provider'). Effective Date: 06/09/2023. Term: 24 months. Scope: data analytics services. Fees: $36,063/month payable within 30 days. Confidentiality: Both parties agree to maintain strict confidentiality. Termination: Either party may terminate with 90 days notice. Governing Law: Karnataka. Signatures required.",contract
"RESEARCH REPORT | Title: Competitive Landscape Review | Author: Lisa Park | Date: 25/10/2025 | Abstract: The organization demonstrated strong performance across all key metrics. Methodology: Reduced operational costs by 15%. Findings: Completed ISO certification. Conclusion: Regulatory compliance requirements increasing. Recommendations: Market expansion plans on track. References: [1] Smith et al. (2023), Journal of Business Analytics [2] Kumar & Lee (2024), Int'l Review of Management",report
TAX INVOICE from DataBridge | Invoice No: INV-4267 | GSTIN: 10ABCDE3587Z7 | Customer: Bright Solutions | Date: 11/05/2025 | Description: Legal Services | Qty: 31 | Rate: $246.06 | Amount: $1653.67 | GST: $1524.03 | Grand Total: $12249.74,invoice
"NON-DISCLOSURE AGREEMENT | Parties: Summit Inc and Ravi Kumar | Date: 13/04/2025 | Purpose: financial advisory | Confidential Information includes trade secrets, business plans, financial data, and technical know-how. Obligations last 3 months after disclosure. Breach subject to injunctive relief and damages. Jurisdiction: Delhi.",contract
BILL | From: ProServices | To: Bright Solutions | Invoice #INV-4920 | 02/02/2024 | Services rendered: Software License | Hours: 40 | Rate: $1407.53/hr | Amount: $6940.73 | Taxes: $522.79 | Amount Due: $18677.74 | Due: 22/09/2024,invoice
"NON-DISCLOSURE AGREEMENT | Parties: Summit Inc and Sarah Johnson | Date: 01/12/2024 | Purpose: HR outsourcing | Confidential Information includes trade secrets, business plans, financial data, and technical know-how. Obligations last 12 months after disclosure. Breach subject to injunctive relief and damages. Jurisdiction: Karnataka.",contract
"NON-DISCLOSURE AGREEMENT | Parties: Alpha Tech and Sarah Johnson | Date: 13/03/2024 | Purpose: HR outsourcing | Confidential Information includes trade secrets, business plans, financial data, and technical know-how. Obligations last 12 months after disclosure. Breach subject to injunctive relief and damages. Jurisdiction: Delhi.",contract
"EMPLOYMENT CONTRACT | Employer: Nexus Corp | Employee: John Smith | Start: 15/10/2024 | Role: marketing and brand management | Compensation: $35,087 per annum | Benefits: health, dental, PTO. Notice Period: 90 days. Intellectual property created during employment belongs to employer. Non-compete: 24 months post-employment within Maharashtra.",contract
BILL | From: ProServices | To: Sunrise Enterprises | Invoice #INV-9565 | 09/07/2023 | Services rendered: Software License | Hours: 40 | Rate: $530.12/hr | Amount: $13597.96 | Taxes: $666.92 | Amount Due: $2600.40 | Due: 09/04/2025,invoice
BILL | From: DataBridge | To: Sunrise Enterprises | Invoice #INV-8161 | 01/11/2024 | Services rendered: Legal Services | Hours: 23 | Rate: $1462.12/hr | Amount: $15779.19 | Taxes: $502.68 | Amount Due: $1910.19 | Due: 03/06/2025,invoice
"RESEARCH REPORT | Title: Technology Adoption Report | Author: James Wilson | Date: 15/07/2024 | Abstract: This period saw significant growth driven by new product launches. Methodology: Reduced operational costs by 15%. Findings: Onboarded 50+ enterprise clients. Conclusion: Talent acquisition challenges persist. Recommendations: Continued investment in R&D expected. References: [1] Smith et al. (2023), Journal of Business Analytics [2] Kumar & Lee (2024), Int'l Review of Management",report
"SERVICE AGREEMENT between Vertex Ltd ('Client') and Chen Wei ('Service Provider'). Effective Date: 09/12/2023. Term: 12 months. Scope: marketing and brand management. Fees: $45,750/month payable within 30 days. Confidentiality: Both parties agree to maintain strict confidentiality. Termination: Either party may terminate with 30 days notice. Governing Law: Tamil Nadu. Signatures required.",contract
"NON-DISCLOSURE AGREEMENT | Parties: Pinnacle Group and Chen Wei | Date: 20/11/2025 | Purpose: IT consulting and software development | Confidential Information includes trade secrets, business plans, financial data, and technical know-how. Obligations last 3 months after disclosure. Breach subject to injunctive relief and damages. Jurisdiction: Tamil Nadu.",contract
QUARTERLY REPORT - Q4 2024 | Sunrise Enterprises | Prepared by: Dr. Priya Sharma | Executive Summary: This period saw significant growth driven by new product launches. Revenue: $221.9M (+12.9% YoY). Key Highlights: Improved customer satisfaction to 92%. Deployed new CRM system. Risks: Regulatory compliance requirements increasing. Outlook: Continued investment in R&D expected. Appendix: Financial statements attached.,report
BILL | From: ProServices | To: TechNova Ltd | Invoice #INV-8177 | 03/06/2023 | Services rendered: Cloud Hosting | Hours: 43 | Rate: $442.24/hr | Amount: $11972.02 | Taxes: $1804.25 | Amount Due: $16457.02 | Due: 15/02/2024,invoice
"From: sarah.kumar@gmail.com To: info@acme.com CC: cc@office.com Date: 18/07/2024 Subject: Re: Project Update | Anna, Thanks for your message. We would like to schedule a call to discuss the upcoming deliverables. Looking forward to your response. Regards, Sarah Lee | GlobalMart | +91-9454186065",email
"From: anna.lee@gmail.com | To: manager@biz.net | Subject: Project Update | Date: 26/08/2024 | Hi Michael, Could you please provide an update on the status of the pending items? Please let me know if you have any questions. Best regards, Ravi Kumar",email
"SERVICE AGREEMENT between Pinnacle Group ('Client') and John Smith ('Service Provider'). Effective Date: 09/08/2025. Term: 24 months. Scope: IT consulting and software development. Fees: $40,866/month payable within 30 days. Confidentiality: Both parties agree to maintain strict confidentiality. Termination: Either party may terminate with 90 days notice. Governing Law: Karnataka. Signatures required.",contract
"EMPLOYMENT CONTRACT | Employer: Vertex Ltd | Employee: Ravi Kumar | Start: 18/09/2023 | Role: HR outsourcing | Compensation: $5,730 per annum | Benefits: health, dental, PTO. Notice Period: 60 days. Intellectual property created during employment belongs to employer. Non-compete: 6 months post-employment within Maharashtra.",contract
Invoice #INV-7745 | Bill To: Acme Corp | Date: 06/12/2023 | Due Date: 28/12/2024 | Item: Consulting Services x48 @ $1768.76 | Subtotal: $17507.25 | Tax (18%): $1614.36 | Total Due: $23157.49 | Payment terms: Net 30 | Bank: ICICI | Account: 510751046,invoice
"From: anna.smith@gmail.com | To: support@corp.org | Subject: Schedule Change | Date: 09/12/2025 | Hi Priya, I am writing to inform you about the changes in the schedule. Please let me know if you have any questions. Best regards, Anna Chen",email
TAX INVOICE from ZenSoft | Invoice No: INV-6427 | GSTIN: 11ABCDE1154Z3 | Customer: GlobalMart | Date: 17/01/2023 | Description: Software License | Qty: 32 | Rate: $785.48 | Amount: $4622.63 | GST: $1153.42 | Grand Total: $21226.05,invoice
TAX INVOICE from CloudWorks | Invoice No: INV-9751 | GSTIN: 35ABCDE7624Z3 | Customer: Blue Ridge Inc | Date: 19/10/2025 | Description: Cloud Hosting | Qty: 9 | Rate: $705.45 | Amount: $1028.49 | GST: $102.58 | Grand Total: $24529.62,invoice
Invoice #INV-1430 | Bill To: Sunrise Enterprises | Date: 01/05/2024 | Due Date: 18/02/2025 | Item: Marketing Campaign x33 @ $890.41 | Subtotal: $15693.80 | Tax (18%): $224.76 | Total Due: $10556.28 | Payment terms: Net 30 | Bank: Axis Bank | Account: 516396603,invoice
"EMPLOYMENT CONTRACT | Employer: Vertex Ltd | Employee: Sarah Johnson | Start: 05/10/2023 | Role: data analytics services | Compensation: $41,936 per annum | Benefits: health, dental, PTO. Notice Period: 60 days. Intellectual property created during employment belongs to employer. Non-compete: 3 months post-employment within Delhi.",contract
"NON-DISCLOSURE AGREEMENT | Parties: Alpha Tech and Sarah Johnson | Date: 07/12/2024 | Purpose: HR outsourcing | Confidential Information includes trade secrets, business plans, financial data, and technical know-how. Obligations last 3 months after disclosure. Breach subject to injunctive relief and damages. Jurisdiction: Maharashtra.",contract
ANNUAL PERFORMANCE REVIEW 2024 | Department: Sales | Manager: Lisa Park | Overview: This period saw significant growth driven by new product launches. KPIs achieved: 87%. Budget utilization: 96%. Key Accomplishments: Expanded to two new markets. Areas for Improvement: Completed ISO certification. Recommendations: Supply chain disruptions remain a concern. Next Steps: Strong pipeline for next quarter.,report
"From: ravi.lee@outlook.com | To: hr@biz.net | Subject: Project Update | Date: 17/03/2023 | Hi Ravi, Please find attached the documents you requested for your review. Please let me know if you have any questions. Best regards, Sarah Lee",email
"From: john.kumar@gmail.com | To: info@biz.net | Subject: Meeting Follow-up | Date: 17/02/2023 | Hi Anna, I wanted to follow up on our last discussion regarding the project timeline. Please let me know if you have any questions. Best regards, Anna Chen",email
"SERVICE AGREEMENT between Summit Inc ('Client') and Ravi Kumar ('Service Provider'). Effective Date: 09/07/2025. Term: 12 months. Scope: financial advisory. Fees: $31,928/month payable within 30 days. Confidentiality: Both parties agree to maintain strict confidentiality. Termination: Either party may terminate with 15 days notice. Governing Law: Delhi. Signatures required.",contract
"QUARTERLY REPORT - Q3 2025 | Sunrise Enterprises | Prepared by: Anil Mehta | Executive Summary: Despite market challenges, the team exceeded targets in most areas. Revenue: $421.8M (+28.9% YoY). Key Highlights: Launched three new product lines. Deployed new CRM system. Risks: Supply chain disruptions remain a concern. Outlook: Strong pipeline for next quarter. Appendix: Financial statements attached.",report
TAX INVOICE from ZenSoft | Invoice No: INV-3541 | GSTIN: 23ABCDE9715Z7 | Customer: Sunrise Enterprises | Date: 02/11/2024 | Description: Consulting Services | Qty: 16 | Rate: $1363.32 | Amount: $12491.00 | GST: $587.52 | Grand Total: $11839.26,invoice
TAX INVOICE from NetEdge | Invoice No: INV-5336 | GSTIN: 11ABCDE1464Z2 | Customer: Sunrise Enterprises | Date: 14/10/2025 | Description: Software License | Qty: 42 | Rate: $1692.93 | Amount: $1090.58 | GST: $1319.70 | Grand Total: $19412.95,invoice
"From: sarah.kumar@company.com To: support@corp.org CC: cc@work.net Date: 19/12/2023 Subject: Re: Action Required | John, Thanks for your message. I wanted to follow up on our last discussion regarding the project timeline. Looking forward to your response. Regards, Anna Chen | TechNova Ltd | +91-8693601838",email
"From: mike.lee@company.com To: support@acme.com CC: cc@work.net Date: 02/03/2025 Subject: Re: Quarterly Review | John, Thanks for your message. I wanted to follow up on our last discussion regarding the project timeline. Looking forward to your response. Regards, Anna Chen | Sunrise Enterprises | +91-7631718712",email
"EMPLOYMENT CONTRACT | Employer: Pinnacle Group | Employee: Maria Garcia | Start: 05/06/2025 | Role: data analytics services | Compensation: $7,617 per annum | Benefits: health, dental, PTO. Notice Period: 15 days. Intellectual property created during employment belongs to employer. Non-compete: 12 months post-employment within Maharashtra.",contract
"From: john.kumar@company.com To: team@biz.net CC: cc@office.com Date: 18/11/2024 Subject: Re: Project Update | John, Thanks for your message. Please find attached the documents you requested for your review. Looking forward to your response. Regards, Ravi Kumar | Blue Ridge Inc | +91-9303619991",email
"NON-DISCLOSURE AGREEMENT | Parties: Nexus Corp and Sarah Johnson | Date: 25/04/2023 | Purpose: data analytics services | Confidential Information includes trade secrets, business plans, financial data, and technical know-how. Obligations last 6 months after disclosure. Breach subject to injunctive relief and damages. Jurisdiction: California.",contract
BILL | From: CloudWorks | To: TechNova Ltd | Invoice #INV-6546 | 21/03/2023 | Services rendered: Consulting Services | Hours: 3 | Rate: $1483.61/hr | Amount: $1730.46 | Taxes: $1636.34 | Amount Due: $9196.10 | Due: 06/11/2025,invoice
"INBOX | ravi.jones@company.com → manager@corp.org | 03/08/2023 | Quarterly Review | Dear Anna, I hope this email finds you well. I am writing to inform you about the changes in the schedule. Please confirm receipt. Thanks, John Smith | Sent from mobile",email
TAX INVOICE from NetEdge | Invoice No: INV-7227 | GSTIN: 27ABCDE7150Z7 | Customer: TechNova Ltd | Date: 10/04/2025 | Description: Consulting Services | Qty: 44 | Rate: $1006.68 | Amount: $1933.38 | GST: $217.10 | Grand Total: $14895.35,invoice
"SERVICE AGREEMENT between Vertex Ltd ('Client') and Sarah Johnson ('Service Provider'). Effective Date: 10/12/2025. Term: 24 months. Scope: data analytics services. Fees: $48,215/month payable within 30 days. Confidentiality: Both parties agree to maintain strict confidentiality. Termination: Either party may terminate with 90 days notice. Governing Law: Karnataka. Signatures required.",contract
"From: ravi.jones@gmail.com To: team@corp.org CC: cc@office.com Date: 17/12/2025 Subject: Re: Action Required | Michael, Thanks for your message. Could you please provide an update on the status of the pending items? Looking forward to your response. Regards, Anna Chen | Sunrise Enterprises | +91-8359308025",email
BILL | From: DataBridge | To: TechNova Ltd | Invoice #INV-9056 | 11/11/2023 | Services rendered: Consulting Services | Hours: 38 | Rate: $912.35/hr | Amount: $17225.80 | Taxes: $1939.66 | Amount Due: $11235.59 | Due: 16/06/2025,invoice
"From: mike.smith@company.com To: team@acme.com CC: cc@work.net Date: 28/08/2024 Subject: Re: Meeting Follow-up | Sarah, Thanks for your message. Please find attached the documents you requested for your review. Looking forward to your response. Regards, John Smith | Bright Solutions | +91-9973021583",email
"EMPLOYMENT CONTRACT | Employer: Nexus Corp | Employee: Maria Garcia | Start: 02/07/2023 | Role: data analytics services | Compensation: $38,801 per annum | Benefits: health, dental, PTO. Notice Period: 15 days. Intellectual property created during employment belongs to employer. Non-compete: 3 months post-employment within Delhi.",contract
"EMPLOYMENT CONTRACT | Employer: Pinnacle Group | Employee: Sarah Johnson | Start: 06/08/2025 | Role: IT consulting and software development | Compensation: $34,235 per annum | Benefits: health, dental, PTO. Notice Period: 30 days. Intellectual property created during employment belongs to employer. Non-compete: 12 months post-employment within California.",contract
TAX INVOICE from DataBridge | Invoice No: INV-8973 | GSTIN: 22ABCDE1035Z7 | Customer: Bright Solutions | Date: 07/01/2025 | Description: Web Development | Qty: 30 | Rate: $1809.76 | Amount: $14846.87 | GST: $351.85 | Grand Total: $7560.08,invoice
BILL | From: ProServices | To: Blue Ridge Inc | Invoice #INV-7653 | 15/07/2024 | Services rendered: Web Development | Hours: 31 | Rate: $1113.88/hr | Amount: $9556.62 | Taxes: $630.00 | Amount Due: $6575.02 | Due: 03/12/2024,invoice
"NON-DISCLOSURE AGREEMENT | Parties: Summit Inc and Sarah Johnson | Date: 01/02/2025 | Purpose: HR outsourcing | Confidential Information includes trade secrets, business plans, financial data, and technical know-how. Obligations last 3 months after disclosure. Breach subject to injunctive relief and damages. Jurisdiction: California.",contract
"NON-DISCLOSURE AGREEMENT | Parties: Vertex Ltd and Sarah Johnson | Date: 13/02/2024 | Purpose: HR outsourcing | Confidential Information includes trade secrets, business plans, financial data, and technical know-how. Obligations last 24 months after disclosure. Breach subject to injunctive relief and damages. Jurisdiction: California.",contract
"INBOX | ravi.smith@company.com → hr@acme.com | 27/10/2023 | Meeting Follow-up | Dear Anna, I hope this email finds you well. Could you please provide an update on the status of the pending items? Please confirm receipt. Thanks, Sarah Lee | Sent from mobile",email
"From: ravi.smith@outlook.com | To: hr@biz.net | Subject: Request for Proposal | Date: 15/11/2024 | Hi Michael, Could you please provide an update on the status of the pending items? Please let me know if you have any questions. Best regards, Sarah Lee",email
"From: mike.lee@company.com To: hr@corp.org CC: cc@work.net Date: 05/08/2023 Subject: Re: Request for Proposal | Anna, Thanks for your message. Could you please provide an update on the status of the pending items? Looking forward to your response. Regards, Ravi Kumar | TechNova Ltd | +91-9863355952",email
"INBOX | mike.smith@outlook.com → support@biz.net | 15/01/2023 | Quarterly Review | Dear Anna, I hope this email finds you well. I wanted to follow up on our last discussion regarding the project timeline. Please confirm receipt. Thanks, Anna Chen | Sent from mobile",email
QUARTERLY REPORT - Q1 2023 | Bright Solutions | Prepared by: Anil Mehta | Executive Summary: The organization demonstrated strong performance across all key metrics. Revenue: $341.9M (+13.7% YoY). Key Highlights: Launched three new product lines. Automated 40% of manual processes. Risks: Regulatory compliance requirements increasing. Outlook: Continued investment in R&D expected. Appendix: Financial statements attached.,report
BILL | From: DataBridge | To: Blue Ridge Inc | Invoice #INV-5732 | 01/08/2023 | Services rendered: Consulting Services | Hours: 36 | Rate: $1402.19/hr | Amount: $4305.01 | Taxes: $323.58 | Amount Due: $4671.52 | Due: 11/08/2024,invoice
Invoice #INV-8159 | Bill To: TechNova Ltd | Date: 06/08/2025 | Due Date: 24/08/2025 | Item: Web Development x8 @ $1738.31 | Subtotal: $7663.27 | Tax (18%): $1784.50 | Total Due: $20103.95 | Payment terms: Net 30 | Bank: ICICI | Account: 634211672,invoice
"INBOX | mike.jones@gmail.com → manager@biz.net | 19/01/2025 | Action Required | Dear Michael, I hope this email finds you well. I am writing to inform you about the changes in the schedule. Please confirm receipt. Thanks, Sarah Lee | Sent from mobile",email
"RESEARCH REPORT | Title: Competitive Landscape Review | Author: Dr. Priya Sharma | Date: 17/06/2025 | Abstract: Despite market challenges, the team exceeded targets in most areas. Methodology: Reduced operational costs by 15%. Findings: Completed ISO certification. Conclusion: Talent acquisition challenges persist. Recommendations: Strong pipeline for next quarter. References: [1] Smith et al. (2023), Journal of Business Analytics [2] Kumar & Lee (2024), Int'l Review of Management",report
"From: anna.smith@outlook.com | To: hr@corp.org | Subject: Request for Proposal | Date: 18/08/2023 | Hi John, We would like to schedule a call to discuss the upcoming deliverables. Please let me know if you have any questions. Best regards, Anna Chen",email
TAX INVOICE from ZenSoft | Invoice No: INV-6928 | GSTIN: 10ABCDE6321Z3 | Customer: GlobalMart | Date: 08/07/2025 | Description: Marketing Campaign | Qty: 30 | Rate: $614.55 | Amount: $8308.77 | GST: $221.85 | Grand Total: $20901.43,invoice
BILL | From: ProServices | To: Blue Ridge Inc | Invoice #INV-5773 | 21/05/2023 | Services rendered: Cloud Hosting | Hours: 46 | Rate: $102.49/hr | Amount: $5427.29 | Taxes: $1671.00 | Amount Due: $5715.42 | Due: 03/07/2025,invoice
"SERVICE AGREEMENT between Summit Inc ('Client') and Sarah Johnson ('Service Provider'). Effective Date: 11/07/2025. Term: 24 months. Scope: data analytics services. Fees: $39,348/month payable within 30 days. Confidentiality: Both parties agree to maintain strict confidentiality. Termination: Either party may terminate with 60 days notice. Governing Law: Karnataka. Signatures required.",contract
"RESEARCH REPORT | Title: Consumer Behavior Study | Author: Lisa Park | Date: 05/04/2023 | Abstract: This period saw significant growth driven by new product launches. Methodology: Expanded to two new markets. Findings: Onboarded 50+ enterprise clients. Conclusion: Talent acquisition challenges persist. Recommendations: Market expansion plans on track. References: [1] Smith et al. (2023), Journal of Business Analytics [2] Kumar & Lee (2024), Int'l Review of Management",report
"From: john.kumar@company.com | To: manager@corp.org | Subject: Schedule Change | Date: 12/03/2023 | Hi Anna, I am writing to inform you about the changes in the schedule. Please let me know if you have any questions. Best regards, Sarah Lee",email
"INBOX | mike.jones@company.com → hr@biz.net | 17/10/2023 | Invoice Attached | Dear John, I hope this email finds you well. Please find attached the documents you requested for your review. Please confirm receipt. Thanks, Sarah Lee | Sent from mobile",email
QUARTERLY REPORT - Q1 2025 | Blue Ridge Inc | Prepared by: James Wilson | Executive Summary: This period saw significant growth driven by new product launches. Revenue: $303.9M (+7.0% YoY). Key Highlights: Improved customer satisfaction to 92%. Deployed new CRM system. Risks: Talent acquisition challenges persist. Outlook: Market expansion plans on track. Appendix: Financial statements attached.,report
"INBOX | john.smith@company.com → support@biz.net | 10/07/2024 | Request for Proposal | Dear Michael, I hope this email finds you well. We would like to schedule a call to discuss the upcoming deliverables. Please confirm receipt. Thanks, John Smith | Sent from mobile",email
ANNUAL PERFORMANCE REVIEW 2023 | Department: Engineering | Manager: Anil Mehta | Overview: This period saw significant growth driven by new product launches. KPIs achieved: 77%. Budget utilization: 92%. Key Accomplishments: Launched three new product lines. Areas for Improvement: Completed ISO certification. Recommendations: Supply chain disruptions remain a concern. Next Steps: Market expansion plans on track.,report
"INBOX | anna.kumar@gmail.com → hr@biz.net | 01/01/2023 | Schedule Change | Dear Priya, I hope this email finds you well. I am writing to inform you about the changes in the schedule. Please confirm receipt. Thanks, John Smith | Sent from mobile",email
Invoice #INV-6313 | Bill To: TechNova Ltd | Date: 26/06/2024 | Due Date: 25/01/2024 | Item: Legal Services x45 @ $951.41 | Subtotal: $1790.68 | Tax (18%): $1693.56 | Total Due: $14189.57 | Payment terms: Net 30 | Bank: HDFC Bank | Account: 387484583,invoice
ANNUAL PERFORMANCE REVIEW 2023 | Department: Operations | Manager: Lisa Park | Overview: This period saw significant growth driven by new product launches. KPIs achieved: 99%. Budget utilization: 96%. Key Accomplishments: Improved customer satisfaction to 92%. Areas for Improvement: Deployed new CRM system. Recommendations: Regulatory compliance requirements increasing. Next Steps: Strong pipeline for next quarter.,report
TAX INVOICE from DataBridge | Invoice No: INV-3979 | GSTIN: 28ABCDE7209Z6 | Customer: GlobalMart | Date: 26/05/2024 | Description: Software License | Qty: 32 | Rate: $525.53 | Amount: $5953.34 | GST: $1000.72 | Grand Total: $21363.25,invoice
"QUARTERLY REPORT - Q1 2023 | Blue Ridge Inc | Prepared by: Dr. Priya Sharma | Executive Summary: Despite market challenges, the team exceeded targets in most areas. Revenue: $124.2M (+5.3% YoY). Key Highlights: Improved customer satisfaction to 92%. Deployed new CRM system. Risks: Regulatory compliance requirements increasing. Outlook: Market expansion plans on track. Appendix: Financial statements attached.",report
BILL | From: NetEdge | To: Blue Ridge Inc | Invoice #INV-1768 | 11/12/2024 | Services rendered: Legal Services | Hours: 28 | Rate: $1827.58/hr | Amount: $8461.05 | Taxes: $1945.97 | Amount Due: $14162.76 | Due: 21/11/2025,invoice
ANNUAL PERFORMANCE REVIEW 2024 | Department: Finance | Manager: Lisa Park | Overview: The organization demonstrated strong performance across all key metrics. KPIs achieved: 93%. Budget utilization: 81%. Key Accomplishments: Launched three new product lines. Areas for Improvement: Completed ISO certification. Recommendations: Talent acquisition challenges persist. Next Steps: Market expansion plans on track.,report
BILL | From: CloudWorks | To: Blue Ridge Inc | Invoice #INV-4939 | 25/12/2023 | Services rendered: Cloud Hosting | Hours: 5 | Rate: $331.17/hr | Amount: $15914.71 | Taxes: $1155.06 | Amount Due: $7902.36 | Due: 28/07/2025,invoice
TAX INVOICE from ProServices | Invoice No: INV-2528 | GSTIN: 24ABCDE2604Z1 | Customer: Acme Corp | Date: 06/07/2024 | Description: Legal Services | Qty: 35 | Rate: $537.12 | Amount: $9886.49 | GST: $1856.42 | Grand Total: $20999.07,invoice
"From: sarah.lee@outlook.com To: support@corp.org CC: cc@work.net Date: 28/12/2023 Subject: Re: Invoice Attached | Michael, Thanks for your message. I wanted to follow up on our last discussion regarding the project timeline. Looking forward to your response. Regards, Anna Chen | GlobalMart | +91-7969549862",email
BILL | From: NetEdge | To: Blue Ridge Inc | Invoice #INV-4777 | 25/12/2023 | Services rendered: Cloud Hosting | Hours: 18 | Rate: $695.04/hr | Amount: $4235.05 | Taxes: $285.28 | Amount Due: $8081.60 | Due: 07/06/2024,invoice
ANNUAL PERFORMANCE REVIEW 2024 | Department: Sales | Manager: James Wilson | Overview: This period saw significant growth driven by new product launches. KPIs achieved: 75%. Budget utilization: 82%. Key Accomplishments: Reduced operational costs by 15%. Areas for Improvement: Completed ISO certification. Recommendations: Regulatory compliance requirements increasing. Next Steps: Strong pipeline for next quarter.,report
"RESEARCH REPORT | Title: Market Analysis 2024 | Author: Dr. Priya Sharma | Date: 28/07/2024 | Abstract: This period saw significant growth driven by new product launches. Methodology: Reduced operational costs by 15%. Findings: Completed ISO certification. Conclusion: Supply chain disruptions remain a concern. Recommendations: Continued investment in R&D expected. References: [1] Smith et al. (2023), Journal of Business Analytics [2] Kumar & Lee (2024), Int'l Review of Management",report
"From: anna.smith@company.com | To: manager@biz.net | Subject: Action Required | Date: 04/12/2024 | Hi Anna, I am writing to inform you about the changes in the schedule. Please let me know if you have any questions. Best regards, Sarah Lee",email
"EMPLOYMENT CONTRACT | Employer: Nexus Corp | Employee: Sarah Johnson | Start: 08/05/2025 | Role: IT consulting and software development | Compensation: $5,554 per annum | Benefits: health, dental, PTO. Notice Period: 90 days. Intellectual property created during employment belongs to employer. Non-compete: 6 months post-employment within Tamil Nadu.",contract
"From: john.kumar@outlook.com To: support@acme.com CC: cc@office.com Date: 22/09/2023 Subject: Re: Meeting Follow-up | John, Thanks for your message. Could you please provide an update on the status of the pending items? Looking forward to your response. Regards, Anna Chen | Blue Ridge Inc | +91-8741642976",email
"SERVICE AGREEMENT between Alpha Tech ('Client') and Chen Wei ('Service Provider'). Effective Date: 08/09/2024. Term: 6 months. Scope: financial advisory. Fees: $6,566/month payable within 30 days. Confidentiality: Both parties agree to maintain strict confidentiality. Termination: Either party may terminate with 30 days notice. Governing Law: Maharashtra. Signatures required.",contract
TAX INVOICE from ZenSoft | Invoice No: INV-7528 | GSTIN: 21ABCDE6000Z4 | Customer: GlobalMart | Date: 25/05/2024 | Description: Consulting Services | Qty: 2 | Rate: $483.75 | Amount: $13008.89 | GST: $690.11 | Grand Total: $16704.81,invoice
"RESEARCH REPORT | Title: Market Analysis 2024 | Author: Anil Mehta | Date: 15/11/2023 | Abstract: Despite market challenges, the team exceeded targets in most areas. Methodology: Reduced operational costs by 15%. Findings: Onboarded 50+ enterprise clients. Conclusion: Talent acquisition challenges persist. Recommendations: Continued investment in R&D expected. References: [1] Smith et al. (2023), Journal of Business Analytics [2] Kumar & Lee (2024), Int'l Review of Management",report
"From: anna.smith@company.com | To: manager@biz.net | Subject: Project Update | Date: 18/12/2024 | Hi John, I wanted to follow up on our last discussion regarding the project timeline. Please let me know if you have any questions. Best regards, Ravi Kumar",email
"EMPLOYMENT CONTRACT | Employer: Summit Inc | Employee: Sarah Johnson | Start: 21/03/2024 | Role: marketing and brand management | Compensation: $35,939 per annum | Benefits: health, dental, PTO. Notice Period: 15 days. Intellectual property created during employment belongs to employer. Non-compete: 12 months post-employment within Delhi.",contract
"EMPLOYMENT CONTRACT | Employer: Nexus Corp | Employee: Maria Garcia | Start: 09/06/2024 | Role: financial advisory | Compensation: $24,115 per annum | Benefits: health, dental, PTO. Notice Period: 15 days. Intellectual property created during employment belongs to employer. Non-compete: 24 months post-employment within Tamil Nadu.",contract
BILL | From: CloudWorks | To: Acme Corp | Invoice #INV-6763 | 08/05/2024 | Services rendered: Marketing Campaign | Hours: 25 | Rate: $1894.82/hr | Amount: $9970.02 | Taxes: $632.29 | Amount Due: $12238.31 | Due: 13/07/2024,invoice
QUARTERLY REPORT - Q4 2023 | TechNova Ltd | Prepared by: James Wilson | Executive Summary: This period saw significant growth driven by new product launches. Revenue: $193.5M (+21.5% YoY). Key Highlights: Reduced operational costs by 15%. Onboarded 50+ enterprise clients. Risks: Talent acquisition challenges persist. Outlook: Strong pipeline for next quarter. Appendix: Financial statements attached.,report
"SERVICE AGREEMENT between Alpha Tech ('Client') and Maria Garcia ('Service Provider'). Effective Date: 19/03/2023. Term: 6 months. Scope: HR outsourcing. Fees: $42,584/month payable within 30 days. Confidentiality: Both parties agree to maintain strict confidentiality. Termination: Either party may terminate with 15 days notice. Governing Law: California. Signatures required.",contract
"INBOX | mike.lee@outlook.com → manager@corp.org | 10/08/2024 | Meeting Follow-up | Dear Anna, I hope this email finds you well. I wanted to follow up on our last discussion regarding the project timeline. Please confirm receipt. Thanks, Sarah Lee | Sent from mobile",email
QUARTERLY REPORT - Q2 2023 | Bright Solutions | Prepared by: Anil Mehta | Executive Summary: The organization demonstrated strong performance across all key metrics. Revenue: $175.2M (+2.0% YoY). Key Highlights: Launched three new product lines. Deployed new CRM system. Risks: Supply chain disruptions remain a concern. Outlook: Market expansion plans on track. Appendix: Financial statements attached.,report
"QUARTERLY REPORT - Q1 2025 | TechNova Ltd | Prepared by: Dr. Priya Sharma | Executive Summary: Despite market challenges, the team exceeded targets in most areas. Revenue: $114.7M (+13.8% YoY). Key Highlights: Expanded to two new markets. Automated 40% of manual processes. Risks: Regulatory compliance requirements increasing. Outlook: Market expansion plans on track. Appendix: Financial statements attached.",report
ANNUAL PERFORMANCE REVIEW 2025 | Department: Operations | Manager: Dr. Priya Sharma | Overview: This period saw significant growth driven by new product launches. KPIs achieved: 94%. Budget utilization: 95%. Key Accomplishments: Improved customer satisfaction to 92%. Areas for Improvement: Deployed new CRM system. Recommendations: Regulatory compliance requirements increasing. Next Steps: Strong pipeline for next quarter.,report
Invoice #INV-6744 | Bill To: Bright Solutions | Date: 20/03/2023 | Due Date: 20/11/2025 | Item: Consulting Services x48 @ $1562.48 | Subtotal: $4535.38 | Tax (18%): $1729.04 | Total Due: $14945.34 | Payment terms: Net 30 | Bank: SBI | Account: 973521043,invoice
ANNUAL PERFORMANCE REVIEW 2025 | Department: Engineering | Manager: Dr. Priya Sharma | Overview: The organization demonstrated strong performance across all key metrics. KPIs achieved: 91%. Budget utilization: 104%. Key Accomplishments: Expanded to two new markets. Areas for Improvement: Completed ISO certification. Recommendations: Supply chain disruptions remain a concern. Next Steps: Market expansion plans on track.,report
ANNUAL PERFORMANCE REVIEW 2025 | Department: Engineering | Manager: Dr. Priya Sharma | Overview: The organization demonstrated strong performance across all key metrics. KPIs achieved: 86%. Budget utilization: 97%. Key Accomplishments: Improved customer satisfaction to 92%. Areas for Improvement: Automated 40% of manual processes. Recommendations: Regulatory compliance requirements increasing. Next Steps: Continued investment in R&D expected.,report
"INBOX | anna.smith@outlook.com → team@acme.com | 11/09/2023 | Schedule Change | Dear Ravi, I hope this email finds you well. Could you please provide an update on the status of the pending items? Please confirm receipt. Thanks, Anna Chen | Sent from mobile",email
ANNUAL PERFORMANCE REVIEW 2023 | Department: Engineering | Manager: James Wilson | Overview: The organization demonstrated strong performance across all key metrics. KPIs achieved: 102%. Budget utilization: 91%. Key Accomplishments: Reduced operational costs by 15%. Areas for Improvement: Deployed new CRM system. Recommendations: Supply chain disruptions remain a concern. Next Steps: Market expansion plans on track.,report
QUARTERLY REPORT - Q4 2024 | Sunrise Enterprises | Prepared by: Anil Mehta | Executive Summary: The organization demonstrated strong performance across all key metrics. Revenue: $400.0M (+-0.4% YoY). Key Highlights: Expanded to two new markets. Deployed new CRM system. Risks: Regulatory compliance requirements increasing. Outlook: Market expansion plans on track. Appendix: Financial statements attached.,report
"RESEARCH REPORT | Title: Consumer Behavior Study | Author: Dr. Priya Sharma | Date: 17/02/2024 | Abstract: This period saw significant growth driven by new product launches. Methodology: Launched three new product lines. Findings: Automated 40% of manual processes. Conclusion: Supply chain disruptions remain a concern. Recommendations: Strong pipeline for next quarter. References: [1] Smith et al. (2023), Journal of Business Analytics [2] Kumar & Lee (2024), Int'l Review of Management",report
BILL | From: ZenSoft | To: GlobalMart | Invoice #INV-6246 | 19/04/2025 | Services rendered: Software License | Hours: 47 | Rate: $1771.48/hr | Amount: $3345.49 | Taxes: $1832.94 | Amount Due: $12055.57 | Due: 12/06/2025,invoice
"RESEARCH REPORT | Title: Consumer Behavior Study | Author: Lisa Park | Date: 14/04/2024 | Abstract: Despite market challenges, the team exceeded targets in most areas. Methodology: Improved customer satisfaction to 92%. Findings: Completed ISO certification. Conclusion: Supply chain disruptions remain a concern. Recommendations: Continued investment in R&D expected. References: [1] Smith et al. (2023), Journal of Business Analytics [2] Kumar & Lee (2024), Int'l Review of Management",report
BILL | From: DataBridge | To: Acme Corp | Invoice #INV-7698 | 13/08/2024 | Services rendered: Software License | Hours: 31 | Rate: $174.33/hr | Amount: $7825.09 | Taxes: $400.96 | Amount Due: $1374.33 | Due: 05/11/2025,invoice
"INBOX | sarah.lee@outlook.com → team@acme.com | 15/08/2023 | Invoice Attached | Dear Ravi, I hope this email finds you well. Could you please provide an update on the status of the pending items? Please confirm receipt. Thanks, John Smith | Sent from mobile",email
"From: anna.jones@gmail.com To: support@biz.net CC: cc@office.com Date: 20/11/2023 Subject: Re: Action Required | Ravi, Thanks for your message. We would like to schedule a call to discuss the upcoming deliverables. Looking forward to your response. Regards, John Smith | Sunrise Enterprises | +91-7946459593",email
ANNUAL PERFORMANCE REVIEW 2024 | Department: Marketing | Manager: James Wilson | Overview: The organization demonstrated strong performance across all key metrics. KPIs achieved: 107%. Budget utilization: 90%. Key Accomplishments: Launched three new product lines. Areas for Improvement: Deployed new CRM system. Recommendations: Regulatory compliance requirements increasing. Next Steps: Market expansion plans on track.,report
BILL | From: NetEdge | To: Bright Solutions | Invoice #INV-6780 | 12/02/2025 | Services rendered: Web Development | Hours: 28 | Rate: $521.78/hr | Amount: $11109.60 | Taxes: $519.10 | Amount Due: $638.17 | Due: 14/03/2024,invoice
"NON-DISCLOSURE AGREEMENT | Parties: Vertex Ltd and John Smith | Date: 07/09/2023 | Purpose: IT consulting and software development | Confidential Information includes trade secrets, business plans, financial data, and technical know-how. Obligations last 24 months after disclosure. Breach subject to injunctive relief and damages. Jurisdiction: Delhi.",contract
QUARTERLY REPORT - Q1 2025 | Bright Solutions | Prepared by: Lisa Park | Executive Summary: This period saw significant growth driven by new product launches. Revenue: $138.1M (+27.3% YoY). Key Highlights: Reduced operational costs by 15%. Onboarded 50+ enterprise clients. Risks: Regulatory compliance requirements increasing. Outlook: Market expansion plans on track. Appendix: Financial statements attached.,report
BILL | From: ProServices | To: Blue Ridge Inc | Invoice #INV-6940 | 08/03/2023 | Services rendered: Cloud Hosting | Hours: 33 | Rate: $232.23/hr | Amount: $2004.72 | Taxes: $652.29 | Amount Due: $9428.61 | Due: 07/06/2025,invoice
"INBOX | ravi.jones@outlook.com → info@acme.com | 14/04/2023 | Action Required | Dear Ravi, I hope this email finds you well. Could you please provide an update on the status of the pending items? Please confirm receipt. Thanks, Ravi Kumar | Sent from mobile",email
"From: anna.lee@company.com To: info@acme.com CC: cc@work.net Date: 26/05/2025 Subject: Re: Schedule Change | Sarah, Thanks for your message. I wanted to follow up on our last discussion regarding the project timeline. Looking forward to your response. Regards, Anna Chen | GlobalMart | +91-7035721701",email
BILL | From: ProServices | To: TechNova Ltd | Invoice #INV-3255 | 04/01/2025 | Services rendered: Web Development | Hours: 29 | Rate: $927.35/hr | Amount: $4127.94 | Taxes: $1082.45 | Amount Due: $19219.26 | Due: 13/06/2025,invoice
Invoice #INV-3847 | Bill To: TechNova Ltd | Date: 23/10/2024 | Due Date: 06/01/2025 | Item: Legal Services x6 @ $1269.75 | Subtotal: $1136.48 | Tax (18%): $1126.38 | Total Due: $4432.19 | Payment terms: Net 30 | Bank: Axis Bank | Account: 412737284,invoice
BILL | From: ProServices | To: Sunrise Enterprises | Invoice #INV-6049 | 19/02/2023 | Services rendered: Software License | Hours: 36 | Rate: $860.08/hr | Amount: $8762.10 | Taxes: $1460.40 | Amount Due: $11882.03 | Due: 13/05/2024,invoice
"From: anna.kumar@outlook.com To: hr@biz.net CC: cc@work.net Date: 08/10/2023 Subject: Re: Schedule Change | Anna, Thanks for your message. We would like to schedule a call to discuss the upcoming deliverables. Looking forward to your response. Regards, Anna Chen | GlobalMart | +91-8179969405",email
QUARTERLY REPORT - Q4 2024 | GlobalMart | Prepared by: Lisa Park | Executive Summary: The organization demonstrated strong performance across all key metrics. Revenue: $288.1M (+21.7% YoY). Key Highlights: Launched three new product lines. Completed ISO certification. Risks: Talent acquisition challenges persist. Outlook: Strong pipeline for next quarter. Appendix: Financial statements attached.,report
"NON-DISCLOSURE AGREEMENT | Parties: Nexus Corp and Ravi Kumar | Date: 21/02/2023 | Purpose: data analytics services | Confidential Information includes trade secrets, business plans, financial data, and technical know-how. Obligations last 6 months after disclosure. Breach subject to injunctive relief and damages. Jurisdiction: California.",contract
ANNUAL PERFORMANCE REVIEW 2023 | Department: Sales | Manager: Anil Mehta | Overview: The organization demonstrated strong performance across all key metrics. KPIs achieved: 90%. Budget utilization: 105%. Key Accomplishments: Improved customer satisfaction to 92%. Areas for Improvement: Completed ISO certification. Recommendations: Regulatory compliance requirements increasing. Next Steps: Market expansion plans on track.,report
QUARTERLY REPORT - Q4 2023 | TechNova Ltd | Prepared by: James Wilson | Executive Summary: This period saw significant growth driven by new product launches. Revenue: $400.6M (+3.3% YoY). Key Highlights: Reduced operational costs by 15%. Automated 40% of manual processes. Risks: Supply chain disruptions remain a concern. Outlook: Continued investment in R&D expected. Appendix: Financial statements attached.,report
BILL | From: ZenSoft | To: Acme Corp | Invoice #INV-9797 | 10/07/2023 | Services rendered: Legal Services | Hours: 47 | Rate: $1728.52/hr | Amount: $9347.61 | Taxes: $1514.21 | Amount Due: $3395.06 | Due: 25/11/2025,invoice
QUARTERLY REPORT - Q4 2023 | Blue Ridge Inc | Prepared by: Dr. Priya Sharma | Executive Summary: The organization demonstrated strong performance across all key metrics. Revenue: $53.7M (+-1.8% YoY). Key Highlights: Improved customer satisfaction to 92%. Automated 40% of manual processes. Risks: Regulatory compliance requirements increasing. Outlook: Strong pipeline for next quarter. Appendix: Financial statements attached.,report
BILL | From: CloudWorks | To: Bright Solutions | Invoice #INV-4505 | 02/04/2024 | Services rendered: Consulting Services | Hours: 25 | Rate: $207.13/hr | Amount: $8094.80 | Taxes: $175.25 | Amount Due: $17532.38 | Due: 14/06/2025,invoice
"From: ravi.smith@company.com | To: info@corp.org | Subject: Invoice Attached | Date: 20/08/2025 | Hi John, Please find attached the documents you requested for your review. Please let me know if you have any questions. Best regards, Ravi Kumar",email
"EMPLOYMENT CONTRACT | Employer: Alpha Tech | Employee: Ravi Kumar | Start: 08/12/2023 | Role: IT consulting and software development | Compensation: $18,741 per annum | Benefits: health, dental, PTO. Notice Period: 60 days. Intellectual property created during employment belongs to employer. Non-compete: 24 months post-employment within Tamil Nadu.",contract
"SERVICE AGREEMENT between Summit Inc ('Client') and Sarah Johnson ('Service Provider'). Effective Date: 04/06/2025. Term: 3 months. Scope: marketing and brand management. Fees: $16,074/month payable within 30 days. Confidentiality: Both parties agree to maintain strict confidentiality. Termination: Either party may terminate with 30 days notice. Governing Law: Maharashtra. Signatures required.",contract
QUARTERLY REPORT - Q1 2024 | TechNova Ltd | Prepared by: Anil Mehta | Executive Summary: This period saw significant growth driven by new product launches. Revenue: $219.8M (+21.8% YoY). Key Highlights: Launched three new product lines. Completed ISO certification. Risks: Talent acquisition challenges persist. Outlook: Continued investment in R&D expected. Appendix: Financial statements attached.,report
"INBOX | john.jones@company.com → hr@acme.com | 23/11/2023 | Request for Proposal | Dear Ravi, I hope this email finds you well. Please find attached the documents you requested for your review. Please confirm receipt. Thanks, Anna Chen | Sent from mobile",email
"From: sarah.kumar@company.com | To: hr@acme.com | Subject: Action Required | Date: 05/02/2024 | Hi John, Please find attached the documents you requested for your review. Please let me know if you have any questions. Best regards, Sarah Lee",email
"SERVICE AGREEMENT between Vertex Ltd ('Client') and John Smith ('Service Provider'). Effective Date: 28/02/2024. Term: 6 months. Scope: IT consulting and software development. Fees: $36,035/month payable within 30 days. Confidentiality: Both parties agree to maintain strict confidentiality. Termination: Either party may terminate with 30 days notice. Governing Law: Delhi. Signatures required.",contract
"NON-DISCLOSURE AGREEMENT | Parties: Summit Inc and Chen Wei | Date: 21/07/2024 | Purpose: IT consulting and software development | Confidential Information includes trade secrets, business plans, financial data, and technical know-how. Obligations last 6 months after disclosure. Breach subject to injunctive relief and damages. Jurisdiction: Delhi.",contract
"From: john.kumar@outlook.com | To: hr@acme.com | Subject: Action Required | Date: 24/12/2025 | Hi Sarah, Please find attached the documents you requested for your review. Please let me know if you have any questions. Best regards, Ravi Kumar",email
BILL | From: ZenSoft | To: Sunrise Enterprises | Invoice #INV-9525 | 17/08/2023 | Services rendered: Consulting Services | Hours: 11 | Rate: $444.21/hr | Amount: $9341.93 | Taxes: $911.59 | Amount Due: $8606.07 | Due: 22/04/2025,invoice
"ANNUAL PERFORMANCE REVIEW 2024 | Department: Operations | Manager: Lisa Park | Overview: Despite market challenges, the team exceeded targets in most areas. KPIs achieved: 87%. Budget utilization: 92%. Key Accomplishments: Expanded to two new markets. Areas for Improvement: Automated 40% of manual processes. Recommendations: Supply chain disruptions remain a concern. Next Steps: Strong pipeline for next quarter.",report
"ANNUAL PERFORMANCE REVIEW 2025 | Department: Operations | Manager: Lisa Park | Overview: Despite market challenges, the team exceeded targets in most areas. KPIs achieved: 79%. Budget utilization: 101%. Key Accomplishments: Launched three new product lines. Areas for Improvement: Onboarded 50+ enterprise clients. Recommendations: Talent acquisition challenges persist. Next Steps: Continued investment in R&D expected.",report
"INBOX | sarah.lee@gmail.com → team@acme.com | 19/08/2023 | Request for Proposal | Dear Sarah, I hope this email finds you well. I wanted to follow up on our last discussion regarding the project timeline. Please confirm receipt. Thanks, Anna Chen | Sent from mobile",email
"From: sarah.lee@gmail.com To: manager@biz.net CC: cc@office.com Date: 28/05/2025 Subject: Re: Quarterly Review | Ravi, Thanks for your message. Could you please provide an update on the status of the pending items? Looking forward to your response. Regards, John Smith | GlobalMart | +91-9294685795",email
BILL | From: CloudWorks | To: TechNova Ltd | Invoice #INV-2017 | 22/09/2025 | Services rendered: Legal Services | Hours: 24 | Rate: $1167.11/hr | Amount: $15511.90 | Taxes: $1352.18 | Amount Due: $17503.55 | Due: 15/05/2024,invoice
TAX INVOICE from ProServices | Invoice No: INV-1111 | GSTIN: 13ABCDE4027Z3 | Customer: Blue Ridge Inc | Date: 15/05/2024 | Description: Cloud Hosting | Qty: 21 | Rate: $219.14 | Amount: $6387.94 | GST: $558.53 | Grand Total: $23434.14,invoice
"From: john.smith@outlook.com To: hr@acme.com CC: cc@work.net Date: 16/02/2024 Subject: Re: Meeting Follow-up | Priya, Thanks for your message. Could you please provide an update on the status of the pending items? Looking forward to your response. Regards, John Smith | GlobalMart | +91-7843321095",email
"RESEARCH REPORT | Title: Competitive Landscape Review | Author: Anil Mehta | Date: 19/07/2025 | Abstract: This period saw significant growth driven by new product launches. Methodology: Improved customer satisfaction to 92%. Findings: Deployed new CRM system. Conclusion: Talent acquisition challenges persist. Recommendations: Market expansion plans on track. References: [1] Smith et al. (2023), Journal of Business Analytics [2] Kumar & Lee (2024), Int'l Review of Management",report
ANNUAL PERFORMANCE REVIEW 2025 | Department: Operations | Manager: Lisa Park | Overview: The organization demonstrated strong performance across all key metrics. KPIs achieved: 109%. Budget utilization: 83%. Key Accomplishments: Launched three new product lines. Areas for Improvement: Completed ISO certification. Recommendations: Regulatory compliance requirements increasing. Next Steps: Market expansion plans on track.,report
"EMPLOYMENT CONTRACT | Employer: Pinnacle Group | Employee: John Smith | Start: 18/12/2025 | Role: IT consulting and software development | Compensation: $18,472 per annum | Benefits: health, dental, PTO. Notice Period: 30 days. Intellectual property created during employment belongs to employer. Non-compete: 6 months post-employment within Delhi.",contract
"From: mike.smith@gmail.com | To: team@corp.org | Subject: Schedule Change | Date: 24/01/2024 | Hi Ravi, We would like to schedule a call to discuss the upcoming deliverables. Please let me know if you have any questions. Best regards, Sarah Lee",email
"NON-DISCLOSURE AGREEMENT | Parties: Summit Inc and Sarah Johnson | Date: 12/12/2023 | Purpose: data analytics services | Confidential Information includes trade secrets, business plans, financial data, and technical know-how. Obligations last 12 months after disclosure. Breach subject to injunctive relief and damages. Jurisdiction: Maharashtra.",contract
TAX INVOICE from ProServices | Invoice No: INV-1478 | GSTIN: 30ABCDE4022Z3 | Customer: GlobalMart | Date: 15/10/2024 | Description: Legal Services | Qty: 43 | Rate: $502.12 | Amount: $8082.30 | GST: $1487.91 | Grand Total: $11144.08,invoice
TAX INVOICE from NetEdge | Invoice No: INV-9476 | GSTIN: 12ABCDE3053Z6 | Customer: Sunrise Enterprises | Date: 21/10/2023 | Description: Legal Services | Qty: 5 | Rate: $1549.87 | Amount: $15471.74 | GST: $721.80 | Grand Total: $11579.38,invoice
ANNUAL PERFORMANCE REVIEW 2025 | Department: Marketing | Manager: Anil Mehta | Overview: The organization demonstrated strong performance across all key metrics. KPIs achieved: 76%. Budget utilization: 103%. Key Accomplishments: Expanded to two new markets. Areas for Improvement: Onboarded 50+ enterprise clients. Recommendations: Supply chain disruptions remain a concern. Next Steps: Market expansion plans on track.,report
Invoice #INV-1611 | Bill To: Bright Solutions | Date: 27/07/2024 | Due Date: 06/07/2024 | Item: Marketing Campaign x48 @ $1321.98 | Subtotal: $18763.87 | Tax (18%): $1830.80 | Total Due: $18244.07 | Payment terms: Net 30 | Bank: HDFC Bank | Account: 300050585,invoice
"QUARTERLY REPORT - Q1 2024 | TechNova Ltd | Prepared by: Anil Mehta | Executive Summary: Despite market challenges, the team exceeded targets in most areas. Revenue: $496.3M (+19.4% YoY). Key Highlights: Improved customer satisfaction to 92%. Automated 40% of manual processes. Risks: Talent acquisition challenges persist. Outlook: Strong pipeline for next quarter. Appendix: Financial statements attached.",report
TAX INVOICE from CloudWorks | Invoice No: INV-7046 | GSTIN: 35ABCDE2525Z7 | Customer: Blue Ridge Inc | Date: 11/10/2023 | Description: Marketing Campaign | Qty: 48 | Rate: $931.38 | Amount: $17443.70 | GST: $936.66 | Grand Total: $7388.71,invoice
"NON-DISCLOSURE AGREEMENT | Parties: Vertex Ltd and Chen Wei | Date: 17/07/2025 | Purpose: marketing and brand management | Confidential Information includes trade secrets, business plans, financial data, and technical know-how. Obligations last 12 months after disclosure. Breach subject to injunctive relief and damages. Jurisdiction: Maharashtra.",contract
"EMPLOYMENT CONTRACT | Employer: Nexus Corp | Employee: Sarah Johnson | Start: 28/11/2024 | Role: financial advisory | Compensation: $12,852 per annum | Benefits: health, dental, PTO. Notice Period: 15 days. Intellectual property created during employment belongs to employer. Non-compete: 24 months post-employment within California.",contract
"From: ravi.smith@outlook.com To: support@corp.org CC: cc@office.com Date: 11/06/2023 Subject: Re: Request for Proposal | Priya, Thanks for your message. Please find attached the documents you requested for your review. Looking forward to your response. Regards, Anna Chen | Acme Corp | +91-9893510498",email
Invoice #INV-7044 | Bill To: Bright Solutions | Date: 10/07/2025 | Due Date: 18/03/2024 | Item: Cloud Hosting x2 @ $1594.53 | Subtotal: $9833.97 | Tax (18%): $961.44 | Total Due: $9405.88 | Payment terms: Net 30 | Bank: HDFC Bank | Account: 871880418,invoice
TAX INVOICE from ZenSoft | Invoice No: INV-9199 | GSTIN: 26ABCDE4621Z8 | Customer: Blue Ridge Inc | Date: 16/02/2024 | Description: Web Development | Qty: 26 | Rate: $482.90 | Amount: $8611.52 | GST: $343.95 | Grand Total: $11898.74,invoice
"SERVICE AGREEMENT between Nexus Corp ('Client') and Sarah Johnson ('Service Provider'). Effective Date: 17/11/2024. Term: 3 months. Scope: marketing and brand management. Fees: $19,823/month payable within 30 days. Confidentiality: Both parties agree to maintain strict confidentiality. Termination: Either party may terminate with 90 days notice. Governing Law: Maharashtra. Signatures required.",contract
"INBOX | mike.smith@outlook.com → hr@acme.com | 03/04/2025 | Invoice Attached | Dear Priya, I hope this email finds you well. I wanted to follow up on our last discussion regarding the project timeline. Please confirm receipt. Thanks, Ravi Kumar | Sent from mobile",email
"EMPLOYMENT CONTRACT | Employer: Alpha Tech | Employee: John Smith | Start: 08/10/2023 | Role: data analytics services | Compensation: $8,681 per annum | Benefits: health, dental, PTO. Notice Period: 30 days. Intellectual property created during employment belongs to employer. Non-compete: 24 months post-employment within Maharashtra.",contract
"From: anna.smith@gmail.com To: info@acme.com CC: cc@work.net Date: 04/05/2025 Subject: Re: Meeting Follow-up | Ravi, Thanks for your message. I am writing to inform you about the changes in the schedule. Looking forward to your response. Regards, John Smith | Acme Corp | +91-7273986261",email
"RESEARCH REPORT | Title: Market Analysis 2024 | Author: Anil Mehta | Date: 01/11/2023 | Abstract: The organization demonstrated strong performance across all key metrics. Methodology: Improved customer satisfaction to 92%. Findings: Automated 40% of manual processes. Conclusion: Talent acquisition challenges persist. Recommendations: Strong pipeline for next quarter. References: [1] Smith et al. (2023), Journal of Business Analytics [2] Kumar & Lee (2024), Int'l Review of Management",report
Invoice #INV-7850 | Bill To: Acme Corp | Date: 24/06/2023 | Due Date: 28/03/2025 | Item: Web Development x25 @ $324.71 | Subtotal: $3607.18 | Tax (18%): $534.13 | Total Due: $21685.60 | Payment terms: Net 30 | Bank: Citibank | Account: 919395339,invoice
"From: john.smith@gmail.com | To: team@corp.org | Subject: Action Required | Date: 25/09/2023 | Hi Michael, I am writing to inform you about the changes in the schedule. Please let me know if you have any questions. Best regards, John Smith",email
"RESEARCH REPORT | Title: Consumer Behavior Study | Author: Lisa Park | Date: 22/10/2024 | Abstract: The organization demonstrated strong performance across all key metrics. Methodology: Expanded to two new markets. Findings: Deployed new CRM system. Conclusion: Regulatory compliance requirements increasing. Recommendations: Continued investment in R&D expected. References: [1] Smith et al. (2023), Journal of Business Analytics [2] Kumar & Lee (2024), Int'l Review of Management",report
ANNUAL PERFORMANCE REVIEW 2023 | Department: Operations | Manager: James Wilson | Overview: This period saw significant growth driven by new product launches. KPIs achieved: 81%. Budget utilization: 93%. Key Accomplishments: Reduced operational costs by 15%. Areas for Improvement: Automated 40% of manual processes. Recommendations: Supply chain disruptions remain a concern. Next Steps: Continued investment in R&D expected.,report
"ANNUAL PERFORMANCE REVIEW 2023 | Department: Sales | Manager: Anil Mehta | Overview: Despite market challenges, the team exceeded targets in most areas. KPIs achieved: 81%. Budget utilization: 98%. Key Accomplishments: Launched three new product lines. Areas for Improvement: Onboarded 50+ enterprise clients. Recommendations: Supply chain disruptions remain a concern. Next Steps: Market expansion plans on track.",report
"NON-DISCLOSURE AGREEMENT | Parties: Alpha Tech and Sarah Johnson | Date: 22/12/2023 | Purpose: marketing and brand management | Confidential Information includes trade secrets, business plans, financial data, and technical know-how. Obligations last 12 months after disclosure. Breach subject to injunctive relief and damages. Jurisdiction: Karnataka.",contract
QUARTERLY REPORT - Q3 2023 | TechNova Ltd | Prepared by: Lisa Park | Executive Summary: This period saw significant growth driven by new product launches. Revenue: $161.3M (+5.9% YoY). Key Highlights: Improved customer satisfaction to 92%. Automated 40% of manual processes. Risks: Talent acquisition challenges persist. Outlook: Continued investment in R&D expected. Appendix: Financial statements attached.,report
"RESEARCH REPORT | Title: Market Analysis 2024 | Author: Lisa Park | Date: 19/07/2024 | Abstract: This period saw significant growth driven by new product launches. Methodology: Expanded to two new markets. Findings: Deployed new CRM system. Conclusion: Supply chain disruptions remain a concern. Recommendations: Continued investment in R&D expected. References: [1] Smith et al. (2023), Journal of Business Analytics [2] Kumar & Lee (2024), Int'l Review of Management",report
"RESEARCH REPORT | Title: Technology Adoption Report | Author: Anil Mehta | Date: 15/01/2024 | Abstract: The organization demonstrated strong performance across all key metrics. Methodology: Reduced operational costs by 15%. Findings: Deployed new CRM system. Conclusion: Regulatory compliance requirements increasing. Recommendations: Market expansion plans on track. References: [1] Smith et al. (2023), Journal of Business Analytics [2] Kumar & Lee (2024), Int'l Review of Management",report
"RESEARCH REPORT | Title: Market Analysis 2024 | Author: Anil Mehta | Date: 09/05/2025 | Abstract: This period saw significant growth driven by new product launches. Methodology: Reduced operational costs by 15%. Findings: Completed ISO certification. Conclusion: Regulatory compliance requirements increasing. Recommendations: Continued investment in R&D expected. References: [1] Smith et al. (2023), Journal of Business Analytics [2] Kumar & Lee (2024), Int'l Review of Management",report
"SERVICE AGREEMENT between Vertex Ltd ('Client') and Sarah Johnson ('Service Provider'). Effective Date: 16/05/2024. Term: 6 months. Scope: HR outsourcing. Fees: $41,366/month payable within 30 days. Confidentiality: Both parties agree to maintain strict confidentiality. Termination: Either party may terminate with 90 days notice. Governing Law: California. Signatures required.",contract
"RESEARCH REPORT | Title: Market Analysis 2024 | Author: Anil Mehta | Date: 14/05/2025 | Abstract: The organization demonstrated strong performance across all key metrics. Methodology: Launched three new product lines. Findings: Completed ISO certification. Conclusion: Talent acquisition challenges persist. Recommendations: Market expansion plans on track. References: [1] Smith et al. (2023), Journal of Business Analytics [2] Kumar & Lee (2024), Int'l Review of Management",report
"From: john.smith@outlook.com To: team@acme.com CC: cc@office.com Date: 24/08/2025 Subject: Re: Project Update | Sarah, Thanks for your message. I wanted to follow up on our last discussion regarding the project timeline. Looking forward to your response. Regards, Sarah Lee | Blue Ridge Inc | +91-7576717254",email
"EMPLOYMENT CONTRACT | Employer: Vertex Ltd | Employee: John Smith | Start: 28/12/2023 | Role: HR outsourcing | Compensation: $30,873 per annum | Benefits: health, dental, PTO. Notice Period: 30 days. Intellectual property created during employment belongs to employer. Non-compete: 24 months post-employment within California.",contract
QUARTERLY REPORT - Q3 2024 | Sunrise Enterprises | Prepared by: Lisa Park | Executive Summary: The organization demonstrated strong performance across all key metrics. Revenue: $110.9M (+21.3% YoY). Key Highlights: Reduced operational costs by 15%. Completed ISO certification. Risks: Supply chain disruptions remain a concern. Outlook: Market expansion plans on track. Appendix: Financial statements attached.,report
"From: mike.lee@company.com | To: team@biz.net | Subject: Schedule Change | Date: 28/06/2024 | Hi Ravi, We would like to schedule a call to discuss the upcoming deliverables. Please let me know if you have any questions. Best regards, Ravi Kumar",email
"From: john.smith@company.com | To: team@biz.net | Subject: Request for Proposal | Date: 23/10/2025 | Hi Ravi, I am writing to inform you about the changes in the schedule. Please let me know if you have any questions. Best regards, Sarah Lee",email
BILL | From: DataBridge | To: GlobalMart | Invoice #INV-7116 | 08/12/2025 | Services rendered: Cloud Hosting | Hours: 3 | Rate: $1130.60/hr | Amount: $12751.01 | Taxes: $544.62 | Amount Due: $16110.37 | Due: 01/06/2024,invoice
"NON-DISCLOSURE AGREEMENT | Parties: Vertex Ltd and John Smith | Date: 03/03/2025 | Purpose: data analytics services | Confidential Information includes trade secrets, business plans, financial data, and technical know-how. Obligations last 24 months after disclosure. Breach subject to injunctive relief and damages. Jurisdiction: Tamil Nadu.",contract
QUARTERLY REPORT - Q2 2023 | Sunrise Enterprises | Prepared by: Dr. Priya Sharma | Executive Summary: This period saw significant growth driven by new product launches. Revenue: $481.6M (+21.3% YoY). Key Highlights: Reduced operational costs by 15%. Onboarded 50+ enterprise clients. Risks: Talent acquisition challenges persist. Outlook: Strong pipeline for next quarter. Appendix: Financial statements attached.,report
"ANNUAL PERFORMANCE REVIEW 2025 | Department: Engineering | Manager: Dr. Priya Sharma | Overview: Despite market challenges, the team exceeded targets in most areas. KPIs achieved: 90%. Budget utilization: 102%. Key Accomplishments: Expanded to two new markets. Areas for Improvement: Automated 40% of manual processes. Recommendations: Supply chain disruptions remain a concern. Next Steps: Market expansion plans on track.",report
"EMPLOYMENT CONTRACT | Employer: Alpha Tech | Employee: Chen Wei | Start: 16/08/2023 | Role: marketing and brand management | Compensation: $49,251 per annum | Benefits: health, dental, PTO. Notice Period: 90 days. Intellectual property created during employment belongs to employer. Non-compete: 12 months post-employment within California.",contract
"EMPLOYMENT CONTRACT | Employer: Vertex Ltd | Employee: Maria Garcia | Start: 23/04/2024 | Role: financial advisory | Compensation: $10,977 per annum | Benefits: health, dental, PTO. Notice Period: 15 days. Intellectual property created during employment belongs to employer. Non-compete: 6 months post-employment within Delhi.",contract
"ANNUAL PERFORMANCE REVIEW 2024 | Department: Sales | Manager: James Wilson | Overview: Despite market challenges, the team exceeded targets in most areas. KPIs achieved: 86%. Budget utilization: 80%. Key Accomplishments: Improved customer satisfaction to 92%. Areas for Improvement: Completed ISO certification. Recommendations: Regulatory compliance requirements increasing. Next Steps: Strong pipeline for next quarter.",report
"SERVICE AGREEMENT between Summit Inc ('Client') and Sarah Johnson ('Service Provider'). Effective Date: 04/07/2025. Term: 12 months. Scope: financial advisory. Fees: $45,516/month payable within 30 days. Confidentiality: Both parties agree to maintain strict confidentiality. Termination: Either party may terminate with 30 days notice. Governing Law: Karnataka. Signatures required.",contract
"From: mike.jones@company.com To: support@acme.com CC: cc@office.com Date: 04/06/2025 Subject: Re: Invoice Attached | Ravi, Thanks for your message. I wanted to follow up on our last discussion regarding the project timeline. Looking forward to your response. Regards, Anna Chen | TechNova Ltd | +91-9406685070",email
"RESEARCH REPORT | Title: Market Analysis 2024 | Author: James Wilson | Date: 19/04/2025 | Abstract: This period saw significant growth driven by new product launches. Methodology: Reduced operational costs by 15%. Findings: Automated 40% of manual processes. Conclusion: Talent acquisition challenges persist. Recommendations: Strong pipeline for next quarter. References: [1] Smith et al. (2023), Journal of Business Analytics [2] Kumar & Lee (2024), Int'l Review of Management",report
"NON-DISCLOSURE AGREEMENT | Parties: Nexus Corp and Maria Garcia | Date: 04/05/2025 | Purpose: data analytics services | Confidential Information includes trade secrets, business plans, financial data, and technical know-how. Obligations last 12 months after disclosure. Breach subject to injunctive relief and damages. Jurisdiction: Maharashtra.",contract
"NON-DISCLOSURE AGREEMENT | Parties: Nexus Corp and Sarah Johnson | Date: 14/03/2023 | Purpose: IT consulting and software development | Confidential Information includes trade secrets, business plans, financial data, and technical know-how. Obligations last 24 months after disclosure. Breach subject to injunctive relief and damages. Jurisdiction: Maharashtra.",contract
ANNUAL PERFORMANCE REVIEW 2023 | Department: Marketing | Manager: Anil Mehta | Overview: This period saw significant growth driven by new product launches. KPIs achieved: 94%. Budget utilization: 105%. Key Accomplishments: Reduced operational costs by 15%. Areas for Improvement: Automated 40% of manual processes. Recommendations: Supply chain disruptions remain a concern. Next Steps: Continued investment in R&D expected.,report
"SERVICE AGREEMENT between Nexus Corp ('Client') and Maria Garcia ('Service Provider'). Effective Date: 21/07/2025. Term: 6 months. Scope: financial advisory. Fees: $22,634/month payable within 30 days. Confidentiality: Both parties agree to maintain strict confidentiality. Termination: Either party may terminate with 30 days notice. Governing Law: Maharashtra. Signatures required.",contract
"EMPLOYMENT CONTRACT | Employer: Nexus Corp | Employee: Chen Wei | Start: 16/08/2023 | Role: IT consulting and software development | Compensation: $44,749 per annum | Benefits: health, dental, PTO. Notice Period: 60 days. Intellectual property created during employment belongs to employer. Non-compete: 3 months post-employment within Karnataka.",contract
"SERVICE AGREEMENT between Pinnacle Group ('Client') and Ravi Kumar ('Service Provider'). Effective Date: 05/07/2025. Term: 12 months. Scope: HR outsourcing. Fees: $11,985/month payable within 30 days. Confidentiality: Both parties agree to maintain strict confidentiality. Termination: Either party may terminate with 30 days notice. Governing Law: California. Signatures required.",contract
"NON-DISCLOSURE AGREEMENT | Parties: Summit Inc and Maria Garcia | Date: 15/06/2025 | Purpose: financial advisory | Confidential Information includes trade secrets, business plans, financial data, and technical know-how. Obligations last 12 months after disclosure. Breach subject to injunctive relief and damages. Jurisdiction: Delhi.",contract
"RESEARCH REPORT | Title: Consumer Behavior Study | Author: Lisa Park | Date: 07/01/2023 | Abstract: This period saw significant growth driven by new product launches. Methodology: Improved customer satisfaction to 92%. Findings: Completed ISO certification. Conclusion: Talent acquisition challenges persist. Recommendations: Strong pipeline for next quarter. References: [1] Smith et al. (2023), Journal of Business Analytics [2] Kumar & Lee (2024), Int'l Review of Management",report
"QUARTERLY REPORT - Q4 2024 | Acme Corp | Prepared by: Dr. Priya Sharma | Executive Summary: Despite market challenges, the team exceeded targets in most areas. Revenue: $296.9M (+9.5% YoY). Key Highlights: Expanded to two new markets. Completed ISO certification. Risks: Regulatory compliance requirements increasing. Outlook: Strong pipeline for next quarter. Appendix: Financial statements attached.",report
"From: john.jones@company.com | To: team@biz.net | Subject: Request for Proposal | Date: 03/02/2025 | Hi Ravi, Please find attached the documents you requested for your review. Please let me know if you have any questions. Best regards, John Smith",email
"SERVICE AGREEMENT between Summit Inc ('Client') and John Smith ('Service Provider'). Effective Date: 06/09/2025. Term: 12 months. Scope: data analytics services. Fees: $11,288/month payable within 30 days. Confidentiality: Both parties agree to maintain strict confidentiality. Termination: Either party may terminate with 30 days notice. Governing Law: Maharashtra. Signatures required.",contract
"INBOX | anna.jones@company.com → manager@corp.org | 07/04/2025 | Project Update | Dear Michael, I hope this email finds you well. Could you please provide an update on the status of the pending items? Please confirm receipt. Thanks, Anna Chen | Sent from mobile",email
"QUARTERLY REPORT - Q2 2025 | TechNova Ltd | Prepared by: Lisa Park | Executive Summary: Despite market challenges, the team exceeded targets in most areas. Revenue: $45.8M (+20.0% YoY). Key Highlights: Expanded to two new markets. Deployed new CRM system. Risks: Talent acquisition challenges persist. Outlook: Strong pipeline for next quarter. Appendix: Financial statements attached.",report
ANNUAL PERFORMANCE REVIEW 2023 | Department: Engineering | Manager: Lisa Park | Overview: The organization demonstrated strong performance across all key metrics. KPIs achieved: 105%. Budget utilization: 80%. Key Accomplishments: Reduced operational costs by 15%. Areas for Improvement: Automated 40% of manual processes. Recommendations: Regulatory compliance requirements increasing. Next Steps: Strong pipeline for next quarter.,report
QUARTERLY REPORT - Q2 2023 | Sunrise Enterprises | Prepared by: Anil Mehta | Executive Summary: The organization demonstrated strong performance across all key metrics. Revenue: $112.5M (+6.5% YoY). Key Highlights: Improved customer satisfaction to 92%. Completed ISO certification. Risks: Supply chain disruptions remain a concern. Outlook: Continued investment in R&D expected. Appendix: Financial statements attached.,report
QUARTERLY REPORT - Q1 2024 | Blue Ridge Inc | Prepared by: Dr. Priya Sharma | Executive Summary: The organization demonstrated strong performance across all key metrics. Revenue: $62.8M (+11.8% YoY). Key Highlights: Reduced operational costs by 15%. Completed ISO certification. Risks: Supply chain disruptions remain a concern. Outlook: Continued investment in R&D expected. Appendix: Financial statements attached.,report
ANNUAL PERFORMANCE REVIEW 2023 | Department: Engineering | Manager: Lisa Park | Overview: The organization demonstrated strong performance across all key metrics. KPIs achieved: 87%. Budget utilization: 88%. Key Accomplishments: Expanded to two new markets. Areas for Improvement: Onboarded 50+ enterprise clients. Recommendations: Talent acquisition challenges persist. Next Steps: Continued investment in R&D expected.,report
"RESEARCH REPORT | Title: Competitive Landscape Review | Author: Dr. Priya Sharma | Date: 26/12/2025 | Abstract: The organization demonstrated strong performance across all key metrics. Methodology: Expanded to two new markets. Findings: Onboarded 50+ enterprise clients. Conclusion: Regulatory compliance requirements increasing. Recommendations: Continued investment in R&D expected. References: [1] Smith et al. (2023), Journal of Business Analytics [2] Kumar & Lee (2024), Int'l Review of Management",report
"QUARTERLY REPORT - Q2 2024 | GlobalMart | Prepared by: Anil Mehta | Executive Summary: Despite market challenges, the team exceeded targets in most areas. Revenue: $226.3M (+19.7% YoY). Key Highlights: Launched three new product lines. Onboarded 50+ enterprise clients. Risks: Regulatory compliance requirements increasing. Outlook: Market expansion plans on track. Appendix: Financial statements attached.",report
ANNUAL PERFORMANCE REVIEW 2024 | Department: Finance | Manager: Lisa Park | Overview: The organization demonstrated strong performance across all key metrics. KPIs achieved: 76%. Budget utilization: 82%. Key Accomplishments: Reduced operational costs by 15%. Areas for Improvement: Completed ISO certification. Recommendations: Regulatory compliance requirements increasing. Next Steps: Continued investment in R&D expected.,report
"INBOX | john.lee@gmail.com → hr@acme.com | 10/04/2025 | Action Required | Dear Anna, I hope this email finds you well. Please find attached the documents you requested for your review. Please confirm receipt. Thanks, Ravi Kumar | Sent from mobile",email
"From: ravi.lee@gmail.com | To: info@acme.com | Subject: Request for Proposal | Date: 23/10/2023 | Hi Anna, Could you please provide an update on the status of the pending items? Please let me know if you have any questions. Best regards, Anna Chen",email
TAX INVOICE from CloudWorks | Invoice No: INV-3500 | GSTIN: 13ABCDE6120Z7 | Customer: Blue Ridge Inc | Date: 03/02/2023 | Description: Web Development | Qty: 43 | Rate: $827.52 | Amount: $2317.99 | GST: $1389.30 | Grand Total: $6819.31,invoice
"EMPLOYMENT CONTRACT | Employer: Pinnacle Group | Employee: Ravi Kumar | Start: 01/06/2025 | Role: HR outsourcing | Compensation: $16,784 per annum | Benefits: health, dental, PTO. Notice Period: 60 days. Intellectual property created during employment belongs to employer. Non-compete: 12 months post-employment within Karnataka.",contract
TAX INVOICE from CloudWorks | Invoice No: INV-4120 | GSTIN: 20ABCDE2295Z8 | Customer: Bright Solutions | Date: 22/10/2025 | Description: Web Development | Qty: 6 | Rate: $523.57 | Amount: $1271.18 | GST: $150.50 | Grand Total: $13669.51,invoice
"From: john.smith@company.com | To: info@biz.net | Subject: Action Required | Date: 22/08/2024 | Hi Ravi, I wanted to follow up on our last discussion regarding the project timeline. Please let me know if you have any questions. Best regards, John Smith",email
TAX INVOICE from DataBridge | Invoice No: INV-8206 | GSTIN: 30ABCDE5543Z9 | Customer: Bright Solutions | Date: 08/05/2024 | Description: Cloud Hosting | Qty: 41 | Rate: $555.42 | Amount: $6734.34 | GST: $201.09 | Grand Total: $6437.60,invoice
"INBOX | mike.kumar@company.com → hr@acme.com | 19/03/2024 | Schedule Change | Dear Ravi, I hope this email finds you well. Please find attached the documents you requested for your review. Please confirm receipt. Thanks, John Smith | Sent from mobile",email
BILL | From: ProServices | To: GlobalMart | Invoice #INV-5593 | 28/06/2023 | Services rendered: Web Development | Hours: 3 | Rate: $1780.73/hr | Amount: $19248.65 | Taxes: $1803.66 | Amount Due: $23149.49 | Due: 19/11/2024,invoice
ANNUAL PERFORMANCE REVIEW 2024 | Department: Engineering | Manager: Lisa Park | Overview: The organization demonstrated strong performance across all key metrics. KPIs achieved: 86%. Budget utilization: 96%. Key Accomplishments: Improved customer satisfaction to 92%. Areas for Improvement: Completed ISO certification. Recommendations: Regulatory compliance requirements increasing. Next Steps: Strong pipeline for next quarter.,report
ANNUAL PERFORMANCE REVIEW 2025 | Department: Engineering | Manager: James Wilson | Overview: This period saw significant growth driven by new product launches. KPIs achieved: 84%. Budget utilization: 82%. Key Accomplishments: Improved customer satisfaction to 92%. Areas for Improvement: Onboarded 50+ enterprise clients. Recommendations: Regulatory compliance requirements increasing. Next Steps: Continued investment in R&D expected.,report
"QUARTERLY REPORT - Q4 2023 | TechNova Ltd | Prepared by: Anil Mehta | Executive Summary: Despite market challenges, the team exceeded targets in most areas. Revenue: $382.0M (+29.4% YoY). Key Highlights: Improved customer satisfaction to 92%. Deployed new CRM system. Risks: Supply chain disruptions remain a concern. Outlook: Market expansion plans on track. Appendix: Financial statements attached.",report
ANNUAL PERFORMANCE REVIEW 2025 | Department: Marketing | Manager: Dr. Priya Sharma | Overview: This period saw significant growth driven by new product launches. KPIs achieved: 94%. Budget utilization: 90%. Key Accomplishments: Launched three new product lines. Areas for Improvement: Automated 40% of manual processes. Recommendations: Supply chain disruptions remain a concern. Next Steps: Continued investment in R&D expected.,report
Invoice #INV-3754 | Bill To: TechNova Ltd | Date: 12/12/2025 | Due Date: 21/02/2024 | Item: Legal Services x22 @ $821.75 | Subtotal: $3379.95 | Tax (18%): $198.94 | Total Due: $6006.36 | Payment terms: Net 30 | Bank: ICICI | Account: 975139327,invoice
"INBOX | john.kumar@company.com → hr@acme.com | 13/03/2024 | Invoice Attached | Dear Sarah, I hope this email finds you well. I wanted to follow up on our last discussion regarding the project timeline. Please confirm receipt. Thanks, John Smith | Sent from mobile",email
"EMPLOYMENT CONTRACT | Employer: Summit Inc | Employee: Chen Wei | Start: 03/05/2024 | Role: data analytics services | Compensation: $8,996 per annum | Benefits: health, dental, PTO. Notice Period: 90 days. Intellectual property created during employment belongs to employer. Non-compete: 24 months post-employment within Karnataka.",contract
"From: ravi.lee@gmail.com | To: manager@corp.org | Subject: Quarterly Review | Date: 13/06/2023 | Hi Ravi, I am writing to inform you about the changes in the schedule. Please let me know if you have any questions. Best regards, Ravi Kumar",email
"From: mike.jones@gmail.com To: hr@biz.net CC: cc@work.net Date: 13/11/2023 Subject: Re: Action Required | Michael, Thanks for your message. Please find attached the documents you requested for your review. Looking forward to your response. Regards, Ravi Kumar | GlobalMart | +91-7126555049",email
"From: mike.kumar@outlook.com To: team@acme.com CC: cc@work.net Date: 03/07/2025 Subject: Re: Project Update | Anna, Thanks for your message. Could you please provide an update on the status of the pending items? Looking forward to your response. Regards, Sarah Lee | Sunrise Enterprises | +91-9740185752",email
"RESEARCH REPORT | Title: Technology Adoption Report | Author: Lisa Park | Date: 14/02/2024 | Abstract: Despite market challenges, the team exceeded targets in most areas. Methodology: Improved customer satisfaction to 92%. Findings: Onboarded 50+ enterprise clients. Conclusion: Regulatory compliance requirements increasing. Recommendations: Strong pipeline for next quarter. References: [1] Smith et al. (2023), Journal of Business Analytics [2] Kumar & Lee (2024), Int'l Review of Management",report
"EMPLOYMENT CONTRACT | Employer: Alpha Tech | Employee: Maria Garcia | Start: 19/12/2024 | Role: HR outsourcing | Compensation: $13,071 per annum | Benefits: health, dental, PTO. Notice Period: 30 days. Intellectual property created during employment belongs to employer. Non-compete: 3 months post-employment within Tamil Nadu.",contract
"SERVICE AGREEMENT between Alpha Tech ('Client') and Ravi Kumar ('Service Provider'). Effective Date: 21/01/2023. Term: 6 months. Scope: IT consulting and software development. Fees: $20,679/month payable within 30 days. Confidentiality: Both parties agree to maintain strict confidentiality. Termination: Either party may terminate with 30 days notice. Governing Law: Maharashtra. Signatures required.",contract
"NON-DISCLOSURE AGREEMENT | Parties: Nexus Corp and Ravi Kumar | Date: 25/08/2025 | Purpose: financial advisory | Confidential Information includes trade secrets, business plans, financial data, and technical know-how. Obligations last 24 months after disclosure. Breach subject to injunctive relief and damages. Jurisdiction: Delhi.",contract
QUARTERLY REPORT - Q3 2025 | Sunrise Enterprises | Prepared by: Dr. Priya Sharma | Executive Summary: The organization demonstrated strong performance across all key metrics. Revenue: $455.5M (+9.7% YoY). Key Highlights: Expanded to two new markets. Completed ISO certification. Risks: Talent acquisition challenges persist. Outlook: Continued investment in R&D expected. Appendix: Financial statements attached.,report
"SERVICE AGREEMENT between Alpha Tech ('Client') and John Smith ('Service Provider'). Effective Date: 26/07/2024. Term: 12 months. Scope: data analytics services. Fees: $26,955/month payable within 30 days. Confidentiality: Both parties agree to maintain strict confidentiality. Termination: Either party may terminate with 30 days notice. Governing Law: California. Signatures required.",contract
BILL | From: NetEdge | To: Bright Solutions | Invoice #INV-5374 | 21/03/2025 | Services rendered: Web Development | Hours: 23 | Rate: $1676.52/hr | Amount: $14717.97 | Taxes: $1418.55 | Amount Due: $5711.97 | Due: 22/11/2024,invoice
ANNUAL PERFORMANCE REVIEW 2024 | Department: Engineering | Manager: James Wilson | Overview: This period saw significant growth driven by new product launches. KPIs achieved: 84%. Budget utilization: 84%. Key Accomplishments: Launched three new product lines. Areas for Improvement: Deployed new CRM system. Recommendations: Regulatory compliance requirements increasing. Next Steps: Strong pipeline for next quarter.,report
"QUARTERLY REPORT - Q4 2023 | Acme Corp | Prepared by: James Wilson | Executive Summary: Despite market challenges, the team exceeded targets in most areas. Revenue: $333.3M (+-1.1% YoY). Key Highlights: Reduced operational costs by 15%. Deployed new CRM system. Risks: Regulatory compliance requirements increasing. Outlook: Market expansion plans on track. Appendix: Financial statements attached.",report
"ANNUAL PERFORMANCE REVIEW 2025 | Department: Finance | Manager: Anil Mehta | Overview: Despite market challenges, the team exceeded targets in most areas. KPIs achieved: 89%. Budget utilization: 83%. Key Accomplishments: Launched three new product lines. Areas for Improvement: Deployed new CRM system. Recommendations: Regulatory compliance requirements increasing. Next Steps: Strong pipeline for next quarter.",report
"INBOX | sarah.jones@gmail.com → team@corp.org | 26/03/2025 | Quarterly Review | Dear Sarah, I hope this email finds you well. Please find attached the documents you requested for your review. Please confirm receipt. Thanks, John Smith | Sent from mobile",email
TAX INVOICE from NetEdge | Invoice No: INV-2479 | GSTIN: 11ABCDE7041Z5 | Customer: Acme Corp | Date: 13/08/2025 | Description: Software License | Qty: 42 | Rate: $950.40 | Amount: $11309.17 | GST: $1249.27 | Grand Total: $21687.70,invoice
"From: john.lee@outlook.com | To: support@biz.net | Subject: Meeting Follow-up | Date: 07/08/2024 | Hi Michael, I wanted to follow up on our last discussion regarding the project timeline. Please let me know if you have any questions. Best regards, Anna Chen",email
"From: anna.jones@company.com | To: manager@corp.org | Subject: Invoice Attached | Date: 14/04/2024 | Hi Anna, Please find attached the documents you requested for your review. Please let me know if you have any questions. Best regards, Anna Chen",email
"From: mike.lee@company.com To: info@biz.net CC: cc@office.com Date: 18/12/2023 Subject: Re: Invoice Attached | Priya, Thanks for your message. Could you please provide an update on the status of the pending items? Looking forward to your response. Regards, Ravi Kumar | Acme Corp | +91-7894376014",email
BILL | From: NetEdge | To: Acme Corp | Invoice #INV-4986 | 17/06/2024 | Services rendered: Software License | Hours: 19 | Rate: $1007.10/hr | Amount: $19934.31 | Taxes: $647.10 | Amount Due: $6006.95 | Due: 19/06/2025,invoice
Invoice #INV-8784 | Bill To: Bright Solutions | Date: 21/10/2023 | Due Date: 25/02/2025 | Item: Software License x3 @ $1622.80 | Subtotal: $14078.91 | Tax (18%): $1241.98 | Total Due: $6574.16 | Payment terms: Net 30 | Bank: Axis Bank | Account: 871318048,invoice
"SERVICE AGREEMENT between Vertex Ltd ('Client') and Maria Garcia ('Service Provider'). Effective Date: 03/11/2024. Term: 6 months. Scope: HR outsourcing. Fees: $22,958/month payable within 30 days. Confidentiality: Both parties agree to maintain strict confidentiality. Termination: Either party may terminate with 30 days notice. Governing Law: Tamil Nadu. Signatures required.",contract
Invoice #INV-6218 | Bill To: Sunrise Enterprises | Date: 11/09/2025 | Due Date: 20/12/2025 | Item: Consulting Services x21 @ $1232.21 | Subtotal: $10052.01 | Tax (18%): $366.88 | Total Due: $23325.40 | Payment terms: Net 30 | Bank: Citibank | Account: 671595541,invoice
TAX INVOICE from NetEdge | Invoice No: INV-5349 | GSTIN: 20ABCDE1452Z2 | Customer: Sunrise Enterprises | Date: 14/06/2025 | Description: Web Development | Qty: 12 | Rate: $1375.06 | Amount: $15835.35 | GST: $124.60 | Grand Total: $14766.39,invoice
"QUARTERLY REPORT - Q2 2025 | Blue Ridge Inc | Prepared by: James Wilson | Executive Summary: Despite market challenges, the team exceeded targets in most areas. Revenue: $481.1M (+8.1% YoY). Key Highlights: Improved customer satisfaction to 92%. Automated 40% of manual processes. Risks: Supply chain disruptions remain a concern. Outlook: Continued investment in R&D expected. Appendix: Financial statements attached.",report
"NON-DISCLOSURE AGREEMENT | Parties: Nexus Corp and John Smith | Date: 07/03/2025 | Purpose: HR outsourcing | Confidential Information includes trade secrets, business plans, financial data, and technical know-how. Obligations last 12 months after disclosure. Breach subject to injunctive relief and damages. Jurisdiction: Maharashtra.",contract
"From: ravi.lee@company.com To: hr@acme.com CC: cc@office.com Date: 06/02/2024 Subject: Re: Request for Proposal | Anna, Thanks for your message. Please find attached the documents you requested for your review. Looking forward to your response. Regards, Ravi Kumar | Acme Corp | +91-8020665694",email
"SERVICE AGREEMENT between Nexus Corp ('Client') and Chen Wei ('Service Provider'). Effective Date: 05/02/2023. Term: 3 months. Scope: data analytics services. Fees: $30,261/month payable within 30 days. Confidentiality: Both parties agree to maintain strict confidentiality. Termination: Either party may terminate with 90 days notice. Governing Law: Karnataka. Signatures required.",contract
"NON-DISCLOSURE AGREEMENT | Parties: Alpha Tech and Chen Wei | Date: 10/05/2024 | Purpose: data analytics services | Confidential Information includes trade secrets, business plans, financial data, and technical know-how. Obligations last 6 months after disclosure. Breach subject to injunctive relief and damages. Jurisdiction: Delhi.",contract
"From: anna.jones@company.com To: hr@biz.net CC: cc@office.com Date: 05/05/2023 Subject: Re: Project Update | Ravi, Thanks for your message. I am writing to inform you about the changes in the schedule. Looking forward to your response. Regards, Ravi Kumar | Sunrise Enterprises | +91-7384631600",email
ANNUAL PERFORMANCE REVIEW 2023 | Department: Engineering | Manager: Dr. Priya Sharma | Overview: The organization demonstrated strong performance across all key metrics. KPIs achieved: 110%. Budget utilization: 86%. Key Accomplishments: Launched three new product lines. Areas for Improvement: Onboarded 50+ enterprise clients. Recommendations: Talent acquisition challenges persist. Next Steps: Strong pipeline for next quarter.,report
"EMPLOYMENT CONTRACT | Employer: Pinnacle Group | Employee: Chen Wei | Start: 07/11/2025 | Role: financial advisory | Compensation: $5,701 per annum | Benefits: health, dental, PTO. Notice Period: 15 days. Intellectual property created during employment belongs to employer. Non-compete: 6 months post-employment within Tamil Nadu.",contract
"From: anna.smith@gmail.com To: info@corp.org CC: cc@office.com Date: 14/04/2025 Subject: Re: Schedule Change | Ravi, Thanks for your message. We would like to schedule a call to discuss the upcoming deliverables. Looking forward to your response. Regards, Anna Chen | Blue Ridge Inc | +91-7795109167",email
"INBOX | anna.lee@gmail.com → manager@corp.org | 28/10/2024 | Quarterly Review | Dear Sarah, I hope this email finds you well. Please find attached the documents you requested for your review. Please confirm receipt. Thanks, Sarah Lee | Sent from mobile",email
TAX INVOICE from ProServices | Invoice No: INV-5331 | GSTIN: 15ABCDE8531Z9 | Customer: TechNova Ltd | Date: 08/05/2025 | Description: Web Development | Qty: 35 | Rate: $1074.68 | Amount: $6320.73 | GST: $1239.65 | Grand Total: $9244.60,invoice
BILL | From: ZenSoft | To: Bright Solutions | Invoice #INV-7798 | 10/12/2024 | Services rendered: Software License | Hours: 18 | Rate: $1041.07/hr | Amount: $16830.78 | Taxes: $712.76 | Amount Due: $19453.27 | Due: 26/09/2025,invoice
"From: mike.kumar@company.com | To: team@biz.net | Subject: Project Update | Date: 15/01/2023 | Hi Priya, I am writing to inform you about the changes in the schedule. Please let me know if you have any questions. Best regards, Ravi Kumar",email
QUARTERLY REPORT - Q2 2024 | Blue Ridge Inc | Prepared by: Anil Mehta | Executive Summary: This period saw significant growth driven by new product launches. Revenue: $130.6M (+15.4% YoY). Key Highlights: Launched three new product lines. Automated 40% of manual processes. Risks: Supply chain disruptions remain a concern. Outlook: Market expansion plans on track. Appendix: Financial statements attached.,report
TAX INVOICE from DataBridge | Invoice No: INV-9437 | GSTIN: 32ABCDE6231Z6 | Customer: TechNova Ltd | Date: 08/08/2023 | Description: Cloud Hosting | Qty: 9 | Rate: $1232.99 | Amount: $5715.70 | GST: $1145.22 | Grand Total: $19160.23,invoice
ANNUAL PERFORMANCE REVIEW 2025 | Department: Engineering | Manager: Lisa Park | Overview: The organization demonstrated strong performance across all key metrics. KPIs achieved: 107%. Budget utilization: 99%. Key Accomplishments: Launched three new product lines. Areas for Improvement: Automated 40% of manual processes. Recommendations: Talent acquisition challenges persist. Next Steps: Market expansion plans on track.,report
"INBOX | sarah.kumar@outlook.com → hr@acme.com | 21/05/2023 | Quarterly Review | Dear Anna, I hope this email finds you well. We would like to schedule a call to discuss the upcoming deliverables. Please confirm receipt. Thanks, John Smith | Sent from mobile",email
TAX INVOICE from ZenSoft | Invoice No: INV-3492 | GSTIN: 11ABCDE6213Z8 | Customer: GlobalMart | Date: 05/09/2025 | Description: Legal Services | Qty: 25 | Rate: $505.45 | Amount: $6973.90 | GST: $1015.89 | Grand Total: $10020.32,invoice
Invoice #INV-8749 | Bill To: Sunrise Enterprises | Date: 12/07/2024 | Due Date: 07/02/2024 | Item: Marketing Campaign x31 @ $1460.54 | Subtotal: $17344.82 | Tax (18%): $1624.62 | Total Due: $6529.13 | Payment terms: Net 30 | Bank: Axis Bank | Account: 601463916,invoice
TAX INVOICE from DataBridge | Invoice No: INV-9540 | GSTIN: 28ABCDE6224Z6 | Customer: Blue Ridge Inc | Date: 09/01/2025 | Description: Consulting Services | Qty: 20 | Rate: $506.61 | Amount: $18996.14 | GST: $481.03 | Grand Total: $21980.70,invoice
TAX INVOICE from ProServices | Invoice No: INV-1659 | GSTIN: 11ABCDE6733Z4 | Customer: Sunrise Enterprises | Date: 07/01/2025 | Description: Legal Services | Qty: 5 | Rate: $87.80 | Amount: $3471.46 | GST: $1520.75 | Grand Total: $19662.09,invoice
"From: mike.smith@company.com | To: manager@acme.com | Subject: Quarterly Review | Date: 04/09/2025 | Hi Michael, I am writing to inform you about the changes in the schedule. Please let me know if you have any questions. Best regards, John Smith",email
"EMPLOYMENT CONTRACT | Employer: Summit Inc | Employee: John Smith | Start: 16/10/2025 | Role: financial advisory | Compensation: $16,627 per annum | Benefits: health, dental, PTO. Notice Period: 90 days. Intellectual property created during employment belongs to employer. Non-compete: 6 months post-employment within Maharashtra.",contract
BILL | From: ZenSoft | To: TechNova Ltd | Invoice #INV-9796 | 09/11/2024 | Services rendered: Legal Services | Hours: 5 | Rate: $468.85/hr | Amount: $10790.44 | Taxes: $414.57 | Amount Due: $14687.29 | Due: 11/04/2025,invoice
"SERVICE AGREEMENT between Nexus Corp ('Client') and Chen Wei ('Service Provider'). Effective Date: 17/09/2025. Term: 3 months. Scope: IT consulting and software development. Fees: $27,721/month payable within 30 days. Confidentiality: Both parties agree to maintain strict confidentiality. Termination: Either party may terminate with 30 days notice. Governing Law: Tamil Nadu. Signatures required.",contract
TAX INVOICE from NetEdge | Invoice No: INV-8025 | GSTIN: 17ABCDE9561Z7 | Customer: Sunrise Enterprises | Date: 02/10/2025 | Description: Cloud Hosting | Qty: 29 | Rate: $1232.32 | Amount: $2435.05 | GST: $645.49 | Grand Total: $7855.42,invoice
"SERVICE AGREEMENT between Summit Inc ('Client') and Ravi Kumar ('Service Provider'). Effective Date: 02/07/2024. Term: 6 months. Scope: financial advisory. Fees: $48,548/month payable within 30 days. Confidentiality: Both parties agree to maintain strict confidentiality. Termination: Either party may terminate with 90 days notice. Governing Law: Delhi. Signatures required.",contract
"NON-DISCLOSURE AGREEMENT | Parties: Nexus Corp and John Smith | Date: 16/06/2025 | Purpose: marketing and brand management | Confidential Information includes trade secrets, business plans, financial data, and technical know-how. Obligations last 12 months after disclosure. Breach subject to injunctive relief and damages. Jurisdiction: Karnataka.",contract
QUARTERLY REPORT - Q2 2024 | TechNova Ltd | Prepared by: James Wilson | Executive Summary: The organization demonstrated strong performance across all key metrics. Revenue: $342.5M (+3.9% YoY). Key Highlights: Improved customer satisfaction to 92%. Automated 40% of manual processes. Risks: Supply chain disruptions remain a concern. Outlook: Market expansion plans on track. Appendix: Financial statements attached.,report
"SERVICE AGREEMENT between Summit Inc ('Client') and John Smith ('Service Provider'). Effective Date: 20/06/2025. Term: 24 months. Scope: marketing and brand management. Fees: $16,932/month payable within 30 days. Confidentiality: Both parties agree to maintain strict confidentiality. Termination: Either party may terminate with 15 days notice. Governing Law: Karnataka. Signatures required.",contract
"INBOX | sarah.lee@gmail.com → manager@corp.org | 14/05/2025 | Schedule Change | Dear Michael, I hope this email finds you well. Could you please provide an update on the status of the pending items? Please confirm receipt. Thanks, Sarah Lee | Sent from mobile",email
"INBOX | ravi.lee@outlook.com → support@acme.com | 13/10/2025 | Schedule Change | Dear Ravi, I hope this email finds you well. Please find attached the documents you requested for your review. Please confirm receipt. Thanks, John Smith | Sent from mobile",email
"RESEARCH REPORT | Title: Market Analysis 2024 | Author: James Wilson | Date: 27/04/2023 | Abstract: Despite market challenges, the team exceeded targets in most areas. Methodology: Improved customer satisfaction to 92%. Findings: Automated 40% of manual processes. Conclusion: Regulatory compliance requirements increasing. Recommendations: Strong pipeline for next quarter. References: [1] Smith et al. (2023), Journal of Business Analytics [2] Kumar & Lee (2024), Int'l Review of Management",report
"NON-DISCLOSURE AGREEMENT | Parties: Nexus Corp and Maria Garcia | Date: 27/10/2024 | Purpose: IT consulting and software development | Confidential Information includes trade secrets, business plans, financial data, and technical know-how. Obligations last 24 months after disclosure. Breach subject to injunctive relief and damages. Jurisdiction: Tamil Nadu.",contract
"SERVICE AGREEMENT between Pinnacle Group ('Client') and Ravi Kumar ('Service Provider'). Effective Date: 14/11/2023. Term: 3 months. Scope: data analytics services. Fees: $20,344/month payable within 30 days. Confidentiality: Both parties agree to maintain strict confidentiality. Termination: Either party may terminate with 30 days notice. Governing Law: Maharashtra. Signatures required.",contract
TAX INVOICE from NetEdge | Invoice No: INV-5637 | GSTIN: 29ABCDE4350Z7 | Customer: Blue Ridge Inc | Date: 21/06/2024 | Description: Consulting Services | Qty: 36 | Rate: $1833.16 | Amount: $5600.45 | GST: $792.29 | Grand Total: $8447.41,invoice
"From: john.lee@outlook.com To: team@corp.org CC: cc@office.com Date: 26/12/2023 Subject: Re: Action Required | John, Thanks for your message. I am writing to inform you about the changes in the schedule. Looking forward to your response. Regards, Anna Chen | Blue Ridge Inc | +91-9165592658",email
"INBOX | anna.kumar@gmail.com → info@biz.net | 07/04/2023 | Project Update | Dear Ravi, I hope this email finds you well. Please find attached the documents you requested for your review. Please confirm receipt. Thanks, Ravi Kumar | Sent from mobile",email
ANNUAL PERFORMANCE REVIEW 2024 | Department: Sales | Manager: James Wilson | Overview: This period saw significant growth driven by new product launches. KPIs achieved: 94%. Budget utilization: 93%. Key Accomplishments: Launched three new product lines. Areas for Improvement: Onboarded 50+ enterprise clients. Recommendations: Talent acquisition challenges persist. Next Steps: Strong pipeline for next quarter.,report
"INBOX | sarah.kumar@outlook.com → support@biz.net | 14/08/2023 | Request for Proposal | Dear John, I hope this email finds you well. I am writing to inform you about the changes in the schedule. Please confirm receipt. Thanks, Anna Chen | Sent from mobile",email
Invoice #INV-4891 | Bill To: Acme Corp | Date: 18/04/2024 | Due Date: 20/05/2025 | Item: Cloud Hosting x24 @ $1456.31 | Subtotal: $15795.22 | Tax (18%): $1940.70 | Total Due: $17103.26 | Payment terms: Net 30 | Bank: SBI | Account: 968253265,invoice
"From: john.jones@gmail.com To: manager@corp.org CC: cc@work.net Date: 28/04/2025 Subject: Re: Quarterly Review | Priya, Thanks for your message. I wanted to follow up on our last discussion regarding the project timeline. Looking forward to your response. Regards, John Smith | GlobalMart | +91-9768898601",email
"EMPLOYMENT CONTRACT | Employer: Pinnacle Group | Employee: Sarah Johnson | Start: 03/02/2024 | Role: IT consulting and software development | Compensation: $33,532 per annum | Benefits: health, dental, PTO. Notice Period: 15 days. Intellectual property created during employment belongs to employer. Non-compete: 6 months post-employment within Karnataka.",contract
BILL | From: ProServices | To: Bright Solutions | Invoice #INV-7873 | 23/07/2024 | Services rendered: Legal Services | Hours: 42 | Rate: $101.75/hr | Amount: $5918.49 | Taxes: $479.86 | Amount Due: $17712.33 | Due: 19/05/2024,invoice
"RESEARCH REPORT | Title: Competitive Landscape Review | Author: James Wilson | Date: 06/01/2025 | Abstract: The organization demonstrated strong performance across all key metrics. Methodology: Expanded to two new markets. Findings: Automated 40% of manual processes. Conclusion: Regulatory compliance requirements increasing. Recommendations: Market expansion plans on track. References: [1] Smith et al. (2023), Journal of Business Analytics [2] Kumar & Lee (2024), Int'l Review of Management",report
"INBOX | anna.kumar@outlook.com → team@corp.org | 12/05/2025 | Meeting Follow-up | Dear John, I hope this email finds you well. Please find attached the documents you requested for your review. Please confirm receipt. Thanks, Ravi Kumar | Sent from mobile",email
Invoice #INV-3370 | Bill To: Bright Solutions | Date: 22/01/2023 | Due Date: 18/05/2024 | Item: Marketing Campaign x1 @ $690.69 | Subtotal: $7485.72 | Tax (18%): $1975.68 | Total Due: $7365.51 | Payment terms: Net 30 | Bank: HDFC Bank | Account: 115956152,invoice
"EMPLOYMENT CONTRACT | Employer: Pinnacle Group | Employee: Ravi Kumar | Start: 21/12/2023 | Role: financial advisory | Compensation: $18,962 per annum | Benefits: health, dental, PTO. Notice Period: 15 days. Intellectual property created during employment belongs to employer. Non-compete: 6 months post-employment within Delhi.",contract
TAX INVOICE from NetEdge | Invoice No: INV-7991 | GSTIN: 29ABCDE6198Z8 | Customer: Sunrise Enterprises | Date: 15/03/2025 | Description: Marketing Campaign | Qty: 47 | Rate: $1351.78 | Amount: $17299.15 | GST: $1669.61 | Grand Total: $22365.30,invoice
"From: mike.kumar@outlook.com To: team@corp.org CC: cc@work.net Date: 05/04/2025 Subject: Re: Request for Proposal | Sarah, Thanks for your message. Please find attached the documents you requested for your review. Looking forward to your response. Regards, Anna Chen | GlobalMart | +91-8869127013",email
"INBOX | john.smith@company.com → info@acme.com | 07/06/2023 | Quarterly Review | Dear Sarah, I hope this email finds you well. I am writing to inform you about the changes in the schedule. Please confirm receipt. Thanks, Ravi Kumar | Sent from mobile",email
"From: john.jones@company.com | To: support@acme.com | Subject: Invoice Attached | Date: 11/04/2025 | Hi Sarah, I am writing to inform you about the changes in the schedule. Please let me know if you have any questions. Best regards, John Smith",email
"SERVICE AGREEMENT between Pinnacle Group ('Client') and Maria Garcia ('Service Provider'). Effective Date: 19/10/2025. Term: 6 months. Scope: marketing and brand management. Fees: $16,740/month payable within 30 days. Confidentiality: Both parties agree to maintain strict confidentiality. Termination: Either party may terminate with 30 days notice. Governing Law: Karnataka. Signatures required.",contract
TAX INVOICE from DataBridge | Invoice No: INV-8972 | GSTIN: 34ABCDE9394Z2 | Customer: Bright Solutions | Date: 02/04/2024 | Description: Web Development | Qty: 28 | Rate: $857.66 | Amount: $19696.69 | GST: $1077.52 | Grand Total: $3305.71,invoice
"EMPLOYMENT CONTRACT | Employer: Vertex Ltd | Employee: Chen Wei | Start: 22/02/2023 | Role: financial advisory | Compensation: $16,627 per annum | Benefits: health, dental, PTO. Notice Period: 30 days. Intellectual property created during employment belongs to employer. Non-compete: 6 months post-employment within Karnataka.",contract
"From: anna.kumar@gmail.com To: support@acme.com CC: cc@work.net Date: 10/07/2025 Subject: Re: Quarterly Review | Ravi, Thanks for your message. Could you please provide an update on the status of the pending items? Looking forward to your response. Regards, John Smith | Acme Corp | +91-7635457782",email
"SERVICE AGREEMENT between Summit Inc ('Client') and Sarah Johnson ('Service Provider'). Effective Date: 02/11/2024. Term: 6 months. Scope: data analytics services. Fees: $20,979/month payable within 30 days. Confidentiality: Both parties agree to maintain strict confidentiality. Termination: Either party may terminate with 90 days notice. Governing Law: Delhi. Signatures required.",contract
"NON-DISCLOSURE AGREEMENT | Parties: Summit Inc and John Smith | Date: 13/12/2024 | Purpose: marketing and brand management | Confidential Information includes trade secrets, business plans, financial data, and technical know-how. Obligations last 6 months after disclosure. Breach subject to injunctive relief and damages. Jurisdiction: Delhi.",contract
Invoice #INV-4750 | Bill To: Acme Corp | Date: 08/05/2025 | Due Date: 02/06/2024 | Item: Software License x46 @ $1197.46 | Subtotal: $4677.62 | Tax (18%): $181.43 | Total Due: $15998.91 | Payment terms: Net 30 | Bank: Citibank | Account: 621209849,invoice
"EMPLOYMENT CONTRACT | Employer: Summit Inc | Employee: Chen Wei | Start: 20/01/2025 | Role: HR outsourcing | Compensation: $28,501 per annum | Benefits: health, dental, PTO. Notice Period: 90 days. Intellectual property created during employment belongs to employer. Non-compete: 6 months post-employment within Karnataka.",contract
"RESEARCH REPORT | Title: Market Analysis 2024 | Author: Anil Mehta | Date: 07/05/2025 | Abstract: This period saw significant growth driven by new product launches. Methodology: Improved customer satisfaction to 92%. Findings: Onboarded 50+ enterprise clients. Conclusion: Regulatory compliance requirements increasing. Recommendations: Strong pipeline for next quarter. References: [1] Smith et al. (2023), Journal of Business Analytics [2] Kumar & Lee (2024), Int'l Review of Management",report
"NON-DISCLOSURE AGREEMENT | Parties: Alpha Tech and Maria Garcia | Date: 15/12/2023 | Purpose: HR outsourcing | Confidential Information includes trade secrets, business plans, financial data, and technical know-how. Obligations last 6 months after disclosure. Breach subject to injunctive relief and damages. Jurisdiction: Maharashtra.",contract
"EMPLOYMENT CONTRACT | Employer: Nexus Corp | Employee: Ravi Kumar | Start: 05/10/2025 | Role: financial advisory | Compensation: $31,409 per annum | Benefits: health, dental, PTO. Notice Period: 90 days. Intellectual property created during employment belongs to employer. Non-compete: 3 months post-employment within Delhi.",contract
BILL | From: NetEdge | To: Sunrise Enterprises | Invoice #INV-1108 | 24/05/2025 | Services rendered: Cloud Hosting | Hours: 43 | Rate: $1293.57/hr | Amount: $19560.85 | Taxes: $1087.81 | Amount Due: $12503.65 | Due: 14/01/2024,invoice
QUARTERLY REPORT - Q2 2024 | TechNova Ltd | Prepared by: James Wilson | Executive Summary: The organization demonstrated strong performance across all key metrics. Revenue: $264.1M (+-4.6% YoY). Key Highlights: Launched three new product lines. Deployed new CRM system. Risks: Supply chain disruptions remain a concern. Outlook: Continued investment in R&D expected. Appendix: Financial statements attached.,report
ANNUAL PERFORMANCE REVIEW 2024 | Department: Marketing | Manager: Lisa Park | Overview: The organization demonstrated strong performance across all key metrics. KPIs achieved: 82%. Budget utilization: 85%. Key Accomplishments: Launched three new product lines. Areas for Improvement: Automated 40% of manual processes. Recommendations: Supply chain disruptions remain a concern. Next Steps: Continued investment in R&D expected.,report
"From: mike.kumar@gmail.com To: manager@biz.net CC: cc@work.net Date: 09/02/2024 Subject: Re: Invoice Attached | John, Thanks for your message. Please find attached the documents you requested for your review. Looking forward to your response. Regards, Ravi Kumar | Acme Corp | +91-8501735492",email
QUARTERLY REPORT - Q4 2025 | Blue Ridge Inc | Prepared by: James Wilson | Executive Summary: This period saw significant growth driven by new product launches. Revenue: $41.7M (+13.3% YoY). Key Highlights: Launched three new product lines. Deployed new CRM system. Risks: Supply chain disruptions remain a concern. Outlook: Strong pipeline for next quarter. Appendix: Financial statements attached.,report
"From: mike.lee@company.com To: support@biz.net CC: cc@office.com Date: 03/04/2023 Subject: Re: Schedule Change | Sarah, Thanks for your message. I am writing to inform you about the changes in the schedule. Looking forward to your response. Regards, John Smith | Acme Corp | +91-7467054653",email
"SERVICE AGREEMENT between Summit Inc ('Client') and Ravi Kumar ('Service Provider'). Effective Date: 08/03/2023. Term: 24 months. Scope: data analytics services. Fees: $43,272/month payable within 30 days. Confidentiality: Both parties agree to maintain strict confidentiality. Termination: Either party may terminate with 15 days notice. Governing Law: Karnataka. Signatures required.",contract
"INBOX | ravi.lee@outlook.com → info@corp.org | 15/05/2025 | Action Required | Dear Sarah, I hope this email finds you well. Could you please provide an update on the status of the pending items? Please confirm receipt. Thanks, Anna Chen | Sent from mobile",email
"From: ravi.lee@company.com | To: support@corp.org | Subject: Invoice Attached | Date: 16/12/2025 | Hi Anna, Could you please provide an update on the status of the pending items? Please let me know if you have any questions. Best regards, John Smith",email
"RESEARCH REPORT | Title: Consumer Behavior Study | Author: James Wilson | Date: 24/04/2023 | Abstract: Despite market challenges, the team exceeded targets in most areas. Methodology: Improved customer satisfaction to 92%. Findings: Completed ISO certification. Conclusion: Regulatory compliance requirements increasing. Recommendations: Continued investment in R&D expected. References: [1] Smith et al. (2023), Journal of Business Analytics [2] Kumar & Lee (2024), Int'l Review of Management",report
TAX INVOICE from NetEdge | Invoice No: INV-7852 | GSTIN: 13ABCDE3999Z6 | Customer: TechNova Ltd | Date: 13/07/2023 | Description: Legal Services | Qty: 10 | Rate: $279.83 | Amount: $9990.07 | GST: $1213.03 | Grand Total: $13064.13,invoice
QUARTERLY REPORT - Q1 2024 | Blue Ridge Inc | Prepared by: Lisa Park | Executive Summary: The organization demonstrated strong performance across all key metrics. Revenue: $250.8M (+23.2% YoY). Key Highlights: Launched three new product lines. Completed ISO certification. Risks: Talent acquisition challenges persist. Outlook: Continued investment in R&D expected. Appendix: Financial statements attached.,report
"From: sarah.kumar@gmail.com | To: team@biz.net | Subject: Meeting Follow-up | Date: 01/08/2024 | Hi John, Could you please provide an update on the status of the pending items? Please let me know if you have any questions. Best regards, Ravi Kumar",email
"RESEARCH REPORT | Title: Consumer Behavior Study | Author: James Wilson | Date: 12/11/2024 | Abstract: Despite market challenges, the team exceeded targets in most areas. Methodology: Improved customer satisfaction to 92%. Findings: Deployed new CRM system. Conclusion: Regulatory compliance requirements increasing. Recommendations: Market expansion plans on track. References: [1] Smith et al. (2023), Journal of Business Analytics [2] Kumar & Lee (2024), Int'l Review of Management",report
"INBOX | anna.lee@outlook.com → support@corp.org | 20/03/2024 | Action Required | Dear Michael, I hope this email finds you well. Could you please provide an update on the status of the pending items? Please confirm receipt. Thanks, Anna Chen | Sent from mobile",email
TAX INVOICE from CloudWorks | Invoice No: INV-5135 | GSTIN: 19ABCDE7561Z9 | Customer: GlobalMart | Date: 28/09/2023 | Description: Software License | Qty: 30 | Rate: $852.71 | Amount: $13324.38 | GST: $680.38 | Grand Total: $2748.66,invoice
"From: sarah.kumar@outlook.com | To: team@corp.org | Subject: Action Required | Date: 10/05/2025 | Hi Priya, I wanted to follow up on our last discussion regarding the project timeline. Please let me know if you have any questions. Best regards, Anna Chen",email
"From: ravi.kumar@outlook.com | To: info@corp.org | Subject: Invoice Attached | Date: 18/12/2023 | Hi Sarah, Could you please provide an update on the status of the pending items? Please let me know if you have any questions. Best regards, John Smith",email
QUARTERLY REPORT - Q3 2023 | TechNova Ltd | Prepared by: Dr. Priya Sharma | Executive Summary: The organization demonstrated strong performance across all key metrics. Revenue: $28.8M (+27.4% YoY). Key Highlights: Expanded to two new markets. Onboarded 50+ enterprise clients. Risks: Supply chain disruptions remain a concern. Outlook: Continued investment in R&D expected. Appendix: Financial statements attached.,report
"EMPLOYMENT CONTRACT | Employer: Nexus Corp | Employee: Ravi Kumar | Start: 08/06/2024 | Role: financial advisory | Compensation: $10,099 per annum | Benefits: health, dental, PTO. Notice Period: 15 days. Intellectual property created during employment belongs to employer. Non-compete: 24 months post-employment within Karnataka.",contract
TAX INVOICE from ProServices | Invoice No: INV-2697 | GSTIN: 19ABCDE9666Z1 | Customer: Blue Ridge Inc | Date: 09/02/2023 | Description: Legal Services | Qty: 36 | Rate: $1675.80 | Amount: $14977.13 | GST: $1880.91 | Grand Total: $7904.84,invoice
"NON-DISCLOSURE AGREEMENT | Parties: Pinnacle Group and Chen Wei | Date: 15/05/2024 | Purpose: marketing and brand management | Confidential Information includes trade secrets, business plans, financial data, and technical know-how. Obligations last 3 months after disclosure. Breach subject to injunctive relief and damages. Jurisdiction: Delhi.",contract
"From: sarah.smith@company.com To: support@corp.org CC: cc@office.com Date: 21/05/2023 Subject: Re: Request for Proposal | Priya, Thanks for your message. We would like to schedule a call to discuss the upcoming deliverables. Looking forward to your response. Regards, Ravi Kumar | TechNova Ltd | +91-8689639333",email
Invoice #INV-8854 | Bill To: Sunrise Enterprises | Date: 07/12/2023 | Due Date: 11/05/2024 | Item: Legal Services x43 @ $416.92 | Subtotal: $19991.65 | Tax (18%): $457.33 | Total Due: $14235.95 | Payment terms: Net 30 | Bank: SBI | Account: 901955461,invoice
"NON-DISCLOSURE AGREEMENT | Parties: Summit Inc and John Smith | Date: 07/08/2023 | Purpose: data analytics services | Confidential Information includes trade secrets, business plans, financial data, and technical know-how. Obligations last 24 months after disclosure. Breach subject to injunctive relief and damages. Jurisdiction: Delhi.",contract
TAX INVOICE from ZenSoft | Invoice No: INV-8272 | GSTIN: 30ABCDE9109Z7 | Customer: Sunrise Enterprises | Date: 19/01/2023 | Description: Legal Services | Qty: 32 | Rate: $1929.47 | Amount: $6195.75 | GST: $1002.96 | Grand Total: $10741.38,invoice
"NON-DISCLOSURE AGREEMENT | Parties: Summit Inc and Ravi Kumar | Date: 20/05/2025 | Purpose: data analytics services | Confidential Information includes trade secrets, business plans, financial data, and technical know-how. Obligations last 24 months after disclosure. Breach subject to injunctive relief and damages. Jurisdiction: Delhi.",contract
"INBOX | mike.lee@company.com → team@corp.org | 24/10/2025 | Invoice Attached | Dear Sarah, I hope this email finds you well. I am writing to inform you about the changes in the schedule. Please confirm receipt. Thanks, Ravi Kumar | Sent from mobile",email
"INBOX | sarah.kumar@outlook.com → hr@acme.com | 13/12/2025 | Quarterly Review | Dear Ravi, I hope this email finds you well. I wanted to follow up on our last discussion regarding the project timeline. Please confirm receipt. Thanks, Anna Chen | Sent from mobile",email
"SERVICE AGREEMENT between Pinnacle Group ('Client') and Sarah Johnson ('Service Provider'). Effective Date: 13/02/2024. Term: 6 months. Scope: marketing and brand management. Fees: $40,195/month payable within 30 days. Confidentiality: Both parties agree to maintain strict confidentiality. Termination: Either party may terminate with 15 days notice. Governing Law: Karnataka. Signatures required.",contract
"ANNUAL PERFORMANCE REVIEW 2023 | Department: Engineering | Manager: James Wilson | Overview: Despite market challenges, the team exceeded targets in most areas. KPIs achieved: 109%. Budget utilization: 100%. Key Accomplishments: Improved customer satisfaction to 92%. Areas for Improvement: Onboarded 50+ enterprise clients. Recommendations: Talent acquisition challenges persist. Next Steps: Strong pipeline for next quarter.",report
"EMPLOYMENT CONTRACT | Employer: Vertex Ltd | Employee: Chen Wei | Start: 06/01/2025 | Role: marketing and brand management | Compensation: $24,356 per annum | Benefits: health, dental, PTO. Notice Period: 60 days. Intellectual property created during employment belongs to employer. Non-compete: 6 months post-employment within Delhi.",contract
"RESEARCH REPORT | Title: Competitive Landscape Review | Author: Lisa Park | Date: 27/10/2024 | Abstract: Despite market challenges, the team exceeded targets in most areas. Methodology: Expanded to two new markets. Findings: Deployed new CRM system. Conclusion: Talent acquisition challenges persist. Recommendations: Continued investment in R&D expected. References: [1] Smith et al. (2023), Journal of Business Analytics [2] Kumar & Lee (2024), Int'l Review of Management",report
BILL | From: ZenSoft | To: TechNova Ltd | Invoice #INV-7442 | 02/05/2024 | Services rendered: Cloud Hosting | Hours: 2 | Rate: $960.29/hr | Amount: $12151.62 | Taxes: $1035.62 | Amount Due: $2797.20 | Due: 08/04/2025,invoice
QUARTERLY REPORT - Q4 2024 | Acme Corp | Prepared by: James Wilson | Executive Summary: This period saw significant growth driven by new product launches. Revenue: $52.2M (+17.7% YoY). Key Highlights: Reduced operational costs by 15%. Automated 40% of manual processes. Risks: Talent acquisition challenges persist. Outlook: Strong pipeline for next quarter. Appendix: Financial statements attached.,report
BILL | From: DataBridge | To: GlobalMart | Invoice #INV-8792 | 23/02/2025 | Services rendered: Marketing Campaign | Hours: 42 | Rate: $1796.96/hr | Amount: $13099.48 | Taxes: $1027.67 | Amount Due: $5193.04 | Due: 02/08/2024,invoice
"SERVICE AGREEMENT between Nexus Corp ('Client') and Maria Garcia ('Service Provider'). Effective Date: 06/06/2025. Term: 12 months. Scope: marketing and brand management. Fees: $17,249/month payable within 30 days. Confidentiality: Both parties agree to maintain strict confidentiality. Termination: Either party may terminate with 15 days notice. Governing Law: Maharashtra. Signatures required.",contract
BILL | From: NetEdge | To: Blue Ridge Inc | Invoice #INV-6736 | 08/07/2025 | Services rendered: Cloud Hosting | Hours: 15 | Rate: $464.84/hr | Amount: $19503.66 | Taxes: $1698.48 | Amount Due: $21273.51 | Due: 12/02/2025,invoice
"INBOX | john.kumar@gmail.com → hr@acme.com | 18/12/2023 | Schedule Change | Dear Michael, I hope this email finds you well. Could you please provide an update on the status of the pending items? Please confirm receipt. Thanks, Anna Chen | Sent from mobile",email
"SERVICE AGREEMENT between Pinnacle Group ('Client') and Sarah Johnson ('Service Provider'). Effective Date: 09/07/2024. Term: 24 months. Scope: HR outsourcing. Fees: $21,268/month payable within 30 days. Confidentiality: Both parties agree to maintain strict confidentiality. Termination: Either party may terminate with 60 days notice. Governing Law: Tamil Nadu. Signatures required.",contract
"NON-DISCLOSURE AGREEMENT | Parties: Vertex Ltd and Chen Wei | Date: 24/04/2023 | Purpose: financial advisory | Confidential Information includes trade secrets, business plans, financial data, and technical know-how. Obligations last 3 months after disclosure. Breach subject to injunctive relief and damages. Jurisdiction: Karnataka.",contract
"From: sarah.kumar@gmail.com To: info@acme.com CC: cc@office.com Date: 09/07/2023 Subject: Re: Project Update | Sarah, Thanks for your message. I am writing to inform you about the changes in the schedule. Looking forward to your response. Regards, John Smith | GlobalMart | +91-7703457120",email
BILL | From: ProServices | To: Acme Corp | Invoice #INV-2063 | 26/06/2025 | Services rendered: Legal Services | Hours: 21 | Rate: $917.97/hr | Amount: $4872.71 | Taxes: $1122.49 | Amount Due: $16895.29 | Due: 10/05/2024,invoice
ANNUAL PERFORMANCE REVIEW 2024 | Department: Finance | Manager: Anil Mehta | Overview: This period saw significant growth driven by new product launches. KPIs achieved: 87%. Budget utilization: 96%. Key Accomplishments: Improved customer satisfaction to 92%. Areas for Improvement: Completed ISO certification. Recommendations: Talent acquisition challenges persist. Next Steps: Continued investment in R&D expected.,report
TAX INVOICE from DataBridge | Invoice No: INV-5345 | GSTIN: 10ABCDE8508Z2 | Customer: Acme Corp | Date: 03/04/2024 | Description: Software License | Qty: 35 | Rate: $941.59 | Amount: $6057.25 | GST: $308.29 | Grand Total: $5800.97,invoice
ANNUAL PERFORMANCE REVIEW 2024 | Department: Engineering | Manager: James Wilson | Overview: The organization demonstrated strong performance across all key metrics. KPIs achieved: 99%. Budget utilization: 97%. Key Accomplishments: Launched three new product lines. Areas for Improvement: Completed ISO certification. Recommendations: Supply chain disruptions remain a concern. Next Steps: Continued investment in R&D expected.,report
BILL | From: ProServices | To: Blue Ridge Inc | Invoice #INV-1803 | 20/06/2023 | Services rendered: Cloud Hosting | Hours: 18 | Rate: $625.70/hr | Amount: $12914.05 | Taxes: $1825.70 | Amount Due: $797.59 | Due: 24/08/2025,invoice
Invoice #INV-7256 | Bill To: Sunrise Enterprises | Date: 05/05/2023 | Due Date: 14/03/2024 | Item: Cloud Hosting x30 @ $767.29 | Subtotal: $9871.52 | Tax (18%): $1030.67 | Total Due: $19374.30 | Payment terms: Net 30 | Bank: Citibank | Account: 788460744,invoice
"EMPLOYMENT CONTRACT | Employer: Summit Inc | Employee: Chen Wei | Start: 11/05/2025 | Role: IT consulting and software development | Compensation: $41,179 per annum | Benefits: health, dental, PTO. Notice Period: 15 days. Intellectual property created during employment belongs to employer. Non-compete: 24 months post-employment within Delhi.",contract
"From: john.smith@gmail.com To: hr@corp.org CC: cc@office.com Date: 28/01/2023 Subject: Re: Invoice Attached | John, Thanks for your message. Please find attached the documents you requested for your review. Looking forward to your response. Regards, Sarah Lee | Blue Ridge Inc | +91-7474439845",email
BILL | From: ProServices | To: GlobalMart | Invoice #INV-2388 | 22/12/2025 | Services rendered: Consulting Services | Hours: 39 | Rate: $1412.04/hr | Amount: $19944.70 | Taxes: $653.68 | Amount Due: $17895.55 | Due: 13/11/2025,invoice
